-3035.989333,29342.401276,17103.870882
-3040.989333,29124.188773,16904.488577
-3045.989333,29050.391454,16814.984634
-3048.989333,29152.401178,16955.223774
-3054.989333,29259.139685,17130.657212
-3058.989333,29082.223332,16913.593617
-3062.989333,29307.542262,17169.672471
-3062.989333,29329.31753,17172.287368
-3063.989333,29370.296917,17174.452984
-3074.989333,29217.940288,17139.119464
-3078.989333,29043.102058,16930.755376
-3079.989333,29244.07457,17181.155155
-3086.989333,29169.414454,17101.513037
-3086.989333,29290.918555,17213.645786
-3086.989333,29334.469092,17218.875579
-3090.989333,29400.120921,17247.33322
-3091.989333,28910.865352,16900.73116
-3097.989333,28979.634366,16942.23806
-3101.989333,29026.205334,16969.736149
-3102.989333,29225.346236,17208.618759
-3104.989333,29050.331742,16986.043093
-3107.989333,28824.58333,16905.249194
-3107.989333,29273.898574,17254.035391
-3109.989333,29153.03726,17142.668687
-3109.989333,29316.656563,17252.097768
-3109.989333,29337.516026,17248.95408
-3112.989333,29380.600039,17267.629407
-3115.989333,28895.403963,16947.645395
-3117.989333,28917.575506,16953.844001
-3119.989333,28941.182383,16967.976068
-3120.989333,28983.993379,16981.658854
-3122.989333,29205.948611,17227.506113
-3126.989333,29031.753169,17019.908069
-3129.989333,29256.332559,17284.439916
-3130.989333,29340.289944,17274.04004
-3131.989333,29135.471245,17173.073211
-3131.989333,29298.967291,17283.911124
-3132.989333,28831.936271,16959.128079
-3133.989333,28747.309594,16960.951706
-3133.989333,28769.72765,16964.332647
-3133.989333,29383.620471,17289.897702
-3133.989333,29405.422242,17300.322804
-3135.989333,28812.688406,16984.416806
-3137.989333,29450.284858,17314.894892
-3138.989333,28899.366703,16983.482481
-3138.989333,29162.125057,17217.283779
-3142.989333,28945.911167,17003.170365
-3142.989333,28988.325889,17013.269443
-3147.989333,29094.491858,17170.907595
-3147.989333,29212.782022,17279.210122
-3152.989333,29259.775767,17318.102125
-3152.989333,29343.187118,17297.717168
-3153.989333,28687.998148,16989.833402
-3153.989333,29323.639733,17310.203149
-3154.989333,28710.689221,16998.206884
-3154.989333,29386.271131,17316.392494
-3156.989333,29409.754752,17331.933393
-3157.989333,28858.193809,16999.754938
-3158.989333,28816.747899,17011.034855
-3158.989333,28881.131396,17005.310756
-3159.989333,28775.398742,17013.095735
-3161.989333,29145.35159,17254.85572
-3162.989333,28926.636799,17020.648888
-3164.989333,28990.580276,17036.180526
-3164.989333,29168.46544,17274.623115
-3171.989333,29261.360863,17332.436959
-3171.989333,29282.986371,17328.650483
-3172.989333,29239.585595,17329.822062
-3175.989333,29410.820317,17344.093351
-3175.989333,29432.199312,17343.12454
-3176.989333,28671.497698,17032.397884
-3179.989333,28695.747363,17047.295995
-3179.989333,28735.414671,17040.119318
-3181.989333,28758.352258,17045.675136
-3181.989333,28820.957152,17044.054276
-3181.989333,28863.591884,17043.525485
-3181.989333,29128.058592,17290.252785
-3181.989333,29478.004235,17371.265417
-3185.989333,28909.467058,17054.637121
-3185.989333,28973.727298,17050.321854
-3185.989333,29171.882146,17300.47512
-3190.989333,28935.205066,17093.089103
-3190.989333,29218.726131,17332.96575
-3190.989333,29283.655662,17337.226732
-3191.989333,28583.85059,17011.953215
-3193.989333,29327.329456,17341.047694
-3195.989333,29390.233871,17352.22958
-3196.989333,29413.074704,17367.004434
-3199.989333,28657.938169,17073.800048
-3199.989333,29478.523766,17373.440293
-3200.989333,28677.53856,17076.934475
-3200.989333,28721.458868,17077.937773
-3200.989333,29087.871753,17295.254586
-3201.989333,28740.786243,17076.07966
-3203.989333,29131.35204,17317.513622
-3205.989333,28763.87359,17088.036851
-3205.989333,28804.183685,17081.626218
-3207.989333,29174.656063,17325.56108
-3210.989333,28565.315763,17020.978745
-3211.989333,29286.033306,17358.728984
-3213.989333,29020.564578,17269.491353
-3213.989333,29244.314378,17365.01636
-3213.989333,29328.914552,17355.382528
-3214.989333,28878.570784,17156.275796
-3215.989333,28590.53424,17057.255851
-3215.989333,29372.861362,17364.196031
-3215.989333,29391.69571,17367.973246
-3216.989333,28902.177662,17170.407863
-3216.989333,28942.43475,17148.37682
-3216.989333,29414.51004,17374.937896
-3220.989333,28496.793263,16976.654181
-3220.989333,28661.231617,17101.060884
-3220.989333,29480.258622,17394.1765
-3221.989333,29090.768928,17318.931714
-3223.989333,28764.269864,17091.620559
-3224.989333,29132.690622,17334.66612
-3225.989333,28788.792546,17111.511211
-3226.989333,29154.985421,17339.455893
-3228.989333,28996.385163,17237.564
-3229.989333,29199.328506,17351.853104
-3231.989333,28547.080457,17042.80702
-3231.989333,29308.055088,17358.526216
-3232.989333,28837.644404,17169.730589
-3232.989333,29223.604675,17374.561421
-3234.989333,29352.151659,17373.741091
-3236.989333,29374.472961,17386.34107
-3237.989333,28884.611646,17200.812387
-3237.989333,29394.592884,17391.650374
-3238.989333,28967.899741,17181.836262
-3238.989333,29026.755201,17320.429317
-3239.989333,28616.765275,17090.072505
-3239.989333,29048.556973,17330.854418
-3239.989333,29459.672176,17402.312729
-3239.989333,29481.570701,17403.518794
-3240.989333,28453.78876,16981.409468
-3241.989333,28478.311443,17001.30012
-3241.989333,28682.390601,17110.719941
-3241.989333,28703.769596,17109.75113
-3242.989333,29115.441371,17345.223739
-3246.989333,28769.271665,17131.807398
-3246.989333,29157.213305,17354.556772
-3248.989333,29179.904378,17362.930254
-3251.989333,28527.929346,17058.87671
-3251.989333,29289.723028,17389.573528
-3252.989333,29225.832558,17389.662299
-3252.989333,29309.789944,17379.262423
-3253.989333,29354.133029,17391.659634
-3254.989333,28817.330975,17182.859358
-3255.989333,29418.199762,17405.782441
-3255.989333,29438.935969,17404.047585
-3257.989333,28576.45518,17096.483138
-3259.989333,28886.98929,17222.314638
-3259.989333,29009.409196,17340.205972
-3259.989333,29051.304387,17348.130174
-3260.989333,28929.077988,17211.800766
-3261.989333,28437.878091,17009.119585
-3261.989333,28664.252048,17123.32918
-3261.989333,29074.391734,17360.087364
-3262.989333,28684.371971,17128.638484
-3262.989333,28728.415535,17128.23295
-3262.989333,29116.903209,17360.967405
-3268.989333,28509.394519,17067.90224
-3268.989333,28772.565113,17159.068234
-3268.989333,29268.344034,17390.54234
-3269.989333,29183.074569,17391.599922
-3272.989333,29228.086945,17412.573382
-3272.989333,29249.712453,17408.786907
-3272.989333,29313.329906,17403.705595
-3272.989333,29334.066113,17401.970739
-3273.989333,28983.944205,17306.746531
-3274.989333,28390.664335,16980.855451
-3274.989333,28819.039328,17195.78536
-3274.989333,29378.532454,17412.959118
-3274.989333,29418.745796,17415.767522
-3276.989333,28556.388264,17106.794243
-3276.989333,28843.438753,17217.084845
-3276.989333,29398.15935,17423.903751
-3277.989333,28907.45248,17215.587242
-3277.989333,29029.132845,17341.931568
-3278.989333,28642.749797,17125.706823
-3278.989333,29484.987406,17429.370798
-3279.989333,28600.388082,17131.228155
-3279.989333,28889.34043,17236.006685
-3280.989333,29116.779953,17362.376237
-3281.989333,29075.184282,17367.254781
-3283.989333,28730.273648,17147.560324
-3284.989333,28443.003149,17047.897592
-3284.989333,28955.7318,17256.011334
-3286.989333,29160.26024,17384.635272
-3289.989333,28490.393168,17090.373303
-3289.989333,28513.454012,17094.520289
-3290.989333,29291.977415,17412.484612
-3291.989333,28799.315679,17194.059765
-3291.989333,28983.820949,17308.155363
-3291.989333,29207.227482,17415.717071
-3291.989333,29272.676544,17422.152929
-3295.989333,29380.513824,17430.877661
-3295.989333,29399.594685,17431.837212
-3295.989333,29442.625691,17434.89213
-3296.989333,28376.189001,17016.49903
-3296.989333,28845.939654,17237.178264
-3297.989333,28559.285439,17130.471371
-3297.989333,28643.938619,17136.457949
-3297.989333,28890.009721,17244.582934
-3297.989333,29030.841197,17354.85757
-3297.989333,29464.797234,17441.090735
-3298.989333,28601.030869,17131.9942
-3299.989333,28666.876205,17142.013767
-3299.989333,29096.44002,17367.694802
-3300.989333,28686.996128,17147.323071
-3302.989333,28731.982,17160.486327
-3302.989333,28934.872337,17259.155022
-3303.989333,28752.22518,17164.386799
-3305.989333,28425.806904,17074.07562
-3305.989333,29162.734637,17396.918487
-3307.989333,29270.968191,17409.226927
-3309.989333,28494.179644,17111.998811
-3309.989333,29186.244761,17420.269591
-3309.989333,29228.729733,17413.339427
-3311.989333,29315.70755,17425.207847
-3313.989333,29420.603909,17435.094897
-3314.989333,28822.605793,17228.038737
-3314.989333,29381.059858,17440.862742
-3315.989333,29031.633745,17362.024987
-3316.989333,28582.619299,17139.610897
-3316.989333,28869.423275,17252.719163
-3316.989333,28910.992442,17240.030414
-3316.989333,29074.788008,17363.671073
-3317.989333,28561.909596,17149.155958
-3317.989333,28891.445057,17252.516396
-3317.989333,29464.946994,17447.492108
-3318.989333,28602.888982,17151.321574
-3318.989333,28668.188284,17151.35606
-3318.989333,29119.007836,17377.477116
-3319.989333,28709.687201,17155.696553
-3320.989333,28382.080103,17054.634249
-3321.989333,28752.101923,17165.795631
-3322.989333,28936.976963,17275.664732
-3323.989333,28404.57767,17081.445804
-3325.989333,29163.676945,17410.487277
-3326.989333,29272.553287,17423.561761
-3329.989333,28472.157862,17112.201579
-3329.989333,28800.900775,17208.394599
-3329.989333,29188.868918,17438.954178
-3329.989333,29231.626907,17437.016555
-3329.989333,29252.363114,17435.281699
-3331.989333,28519.371617,17140.465713
-3331.989333,29317.046132,17442.360345
-3332.989333,29360.843182,17444.772475
-3333.989333,28847.251732,17246.520557
-3333.989333,29444.756821,17459.212045
-3334.989333,28868.903744,17250.544286
-3334.989333,29011.390566,17358.124515
-3335.989333,28561.390065,17146.981082
-3335.989333,28912.058007,17252.190372
-3335.989333,29055.636897,17379.740763
-3335.989333,29402.245346,17458.332004
-3337.989333,28625.703312,17158.286224
-3337.989333,29098.94092,17387.788221
-3338.989333,28670.812441,17170.040648
-3338.989333,28711.245794,17162.221183
-3340.989333,28383.938216,17073.961624
-3340.989333,28753.290745,17176.546756
-3340.989333,29141.505402,17404.288671
-3345.989333,28799.192422,17195.468597
-3346.989333,29188.472644,17435.370469
-3346.989333,29274.138383,17437.896596
-3347.989333,28431.328236,17116.437335
-3348.989333,28496.803801,17130.683399
-3349.989333,28822.72905,17226.629905
-3349.989333,29316.922875,17443.769177
-3351.989333,28521.07997,17153.391715
-3351.989333,28990.654359,17359.859371
-3352.989333,28336.601204,17047.106322
-3352.989333,28891.3218,17253.925228
-3352.989333,29012.429627,17362.474268
-3352.989333,29053.805288,17368.223593
-3352.989333,29362.701295,17464.09985
-3352.989333,29383.164485,17457.372453
-3352.989333,29424.416888,17464.53061
-3354.989333,28562.702144,17156.323375
-3355.989333,28710.726263,17160.046306
-3355.989333,29099.460451,17389.963097
-3357.989333,28362.162948,17071.346727
-3357.989333,28671.604989,17177.208065
-3358.989333,28628.204213,17178.379644
-3359.989333,28753.810276,17178.721633
-3363.989333,28408.637162,17108.063853
-3364.989333,28964.273564,17320.641344
-3364.989333,29209.605125,17437.219322
-3364.989333,29274.534656,17441.480304
-3365.989333,28801.420305,17210.569475
-3365.989333,29168.405729,17445.681575
-3366.989333,29232.692472,17449.176512
-3366.989333,29253.551936,17446.032824
-3367.989333,28497.473092,17139.259648
-3368.989333,28519.644634,17145.458253
-3369.989333,28476.886646,17147.395876
-3369.989333,28890.132978,17243.174102
-3369.989333,29012.15661,17357.481728
-3369.989333,29340.406496,17459.310076
-3370.989333,28847.921023,17255.096807
-3370.989333,29424.540145,17463.121778
-3371.989333,29055.51364,17381.149595
-3371.989333,29076.892635,17380.180783
-3371.989333,29384.59982,17465.305915
-3373.989333,28564.533753,17167.840545
-3374.989333,28341.05697,17077.308079
-3376.989333,28608.260554,17187.281917
-3376.989333,28651.018543,17185.344293
-3376.989333,28692.121186,17186.101078
-3377.989333,28753.810276,17178.721633
-3377.989333,29123.88638,17419.072786
-3379.989333,28365.975927,17100.78244
-3380.989333,28776.897623,17190.678823
-3381.989333,28963.87729,17317.057636
-3383.989333,29190.05774,17449.705304
-3385.989333,28988.549732,17343.349661
-3385.989333,29212.748813,17458.078786
-3385.989333,29233.881294,17459.927638
-3386.989333,28267.242409,17020.453787
-3386.989333,28435.784002,17146.639092
-3386.989333,28846.855458,17242.936849
-3386.989333,28888.574386,17236.649473
-3386.989333,28909.557106,17232.096953
-3387.989333,28457.162997,17145.670281
-3387.989333,29032.54955,17367.783572
-3387.989333,29319.670289,17461.044932
-3389.989333,28479.63406,17164.671632
-3389.989333,29075.457299,17372.247322
-3389.989333,29363.370586,17472.676099
-3389.989333,29384.872837,17470.298455
-3390.989333,28542.115697,17164.459604
-3392.989333,28586.951809,17171.221487
-3393.989333,28320.470524,17085.444308
-3394.989333,28735.125689,17181.34579
-3395.989333,28674.229147,17195.892652
-3395.989333,28714.662499,17188.073187
-3398.989333,28798.919405,17190.476056
-3399.989333,29127.945873,17445.690835
-3400.989333,28369.242872,17120.233071
-3400.989333,29147.299751,17451.642927
-3401.989333,28410.345515,17120.989855
-3401.989333,28987.880441,17334.773411
-3402.989333,28821.143954,17212.295071
-3403.989333,28888.178112,17233.065764
-3403.989333,29009.80547,17343.789681
-3403.989333,29254.617501,17458.192782
-3403.989333,29298.414551,17460.604912
-3405.989333,29053.285757,17366.048716
-3406.989333,28458.598332,17153.603742
-3406.989333,29320.735854,17473.20489
-3407.989333,28502.44839,17171.636281
-3407.989333,29363.6171,17469.858435
-3408.989333,28272.613981,17056.414129
-3410.989333,28542.908245,17171.627021
-3412.989333,28588.933179,17189.14003
-3412.989333,28607.617766,17186.515872
-3413.989333,28322.971424,17105.537727
-3413.989333,28651.811091,17192.511711
-3413.989333,28673.832873,17192.308943
-3413.989333,28939.601121,17294.34932
-3414.989333,28631.074884,17194.246567
-3414.989333,28755.122354,17188.063926
-3415.989333,28716.001081,17205.225685
-3417.989333,28798.796148,17191.884888
-3418.989333,28369.762403,17122.407948
-3418.989333,29129.134695,17456.441961
-3419.989333,28986.594866,17333.241322
-3419.989333,29029.132845,17341.931568
-3419.989333,29168.951763,17455.666656
-3420.989333,28844.231301,17224.252262
-3422.989333,28414.528265,17146.199072
-3422.989333,28868.234453,17241.968037
-3422.989333,29256.052836,17466.126244
-3422.989333,29277.581591,17471.558805
-3424.989333,28501.928859,17169.461405
-3424.989333,29321.255385,17475.379766
-3425.989333,28460.306685,17166.529744
-3426.989333,28251.754517,17059.557817
-3426.989333,28523.704127,17172.076302
-3426.989333,29364.039877,17481.252348
-3427.989333,29078.231217,17397.333282
-3429.989333,28194.686919,16957.321379
-3429.989333,28301.266406,17085.893588
-3429.989333,28545.655659,17188.902776
-3431.989333,28589.725727,17196.307447
-3432.989333,28694.8686,17203.376833
-3432.989333,28756.038159,17193.822512
-3435.989333,28799.588696,17199.052305
-3435.989333,28842.003418,17209.151383
-3435.989333,29107.878957,17456.00194
-3436.989333,28985.925575,17324.665073
-3437.989333,28370.55495,17129.575365
-3437.989333,29131.239321,17472.951671
-3437.989333,29149.254618,17461.751265
-3438.989333,28866.00657,17226.867159
-3438.989333,29029.405862,17346.924109
-3439.989333,28225.673242,17033.142536
-3439.989333,29213.541361,17465.246203
-3440.989333,29256.176093,17464.717412
-3440.989333,29278.74391,17474.499726
-3440.989333,29298.837329,17471.998825
-3441.989333,28415.444069,17151.957657
-3442.989333,28458.994606,17157.187451
-3444.989333,28524.619932,17177.834887
-3444.989333,29343.699944,17486.570913
-3445.989333,29366.514274,17493.535562
-3446.989333,28253.586126,17071.074987
-3448.989333,28567.554185,17190.108841
-3448.989333,28937.646254,17284.240982
-3449.989333,28303.494289,17100.994467
-3451.989333,28325.049547,17114.237233
-3451.989333,28346.551799,17111.859589
-3451.989333,28654.954779,17213.371174
-3451.989333,28737.899606,17206.43175
-3452.989333,28677.126321,17219.56978
-3452.989333,28717.436416,17213.159147
-3453.989333,28634.491589,17220.098571
-3453.989333,28778.729232,17202.195994
-3453.989333,28819.435601,17199.369069
-3453.989333,28841.730401,17204.158842
-3454.989333,29108.151974,17460.994481
-3455.989333,28908.491541,17219.936995
-3455.989333,29008.889665,17338.031096
-3456.989333,28205.676576,17026.424399
-3456.989333,28886.98929,17222.314638
-3457.989333,28412.846416,17141.083274
-3457.989333,29170.263841,17465.008949
-3457.989333,29191.519579,17465.44897
-3458.989333,29213.691121,17471.647575
-3459.989333,29256.845384,17473.293661
-3459.989333,29300.792195,17482.107163
-3461.989333,29343.180413,17484.396036
-3462.989333,28460.579702,17171.522285
-3462.989333,28503.364194,17177.394867
-3463.989333,28525.932011,17187.177181
-3463.989333,29387.373738,17490.391874
-3466.989333,28321.905859,17093.377769
-3466.989333,28546.051933,17192.486485
-3467.989333,28303.371032,17102.403299
-3467.989333,29061.581006,17433.496391
-3469.989333,28365.975927,17100.78244
-3470.989333,28841.607144,17205.567675
-3471.989333,28615.164214,17221.956684
-3471.989333,28699.817394,17227.943262
-3471.989333,28739.731216,17217.94892
-3471.989333,28818.916071,17197.194193
-3471.989333,28985.133027,17317.497656
-3472.989333,28659.014272,17239.989223
-3472.989333,28780.164568,17210.129455
-3472.989333,28863.901943,17210.357448
-3472.989333,28885.800468,17211.563513
-3472.989333,29129.803986,17465.01821
-3473.989333,28390.894883,17124.2568
-3474.989333,29173.081506,17465.255463
-3476.989333,29235.712904,17471.444808
-3476.989333,29256.968641,17471.884829
-3477.989333,29033.218841,17376.359822
-3478.989333,28209.489555,17055.860112
-3478.989333,28438.011886,17161.739971
-3478.989333,29302.500548,17495.033165
-3480.989333,29345.408297,17499.496915
-3481.989333,29366.910548,17497.119271
-3482.989333,28525.808754,17188.586013
-3482.989333,28936.061159,17269.906147
-3483.989333,28255.294479,17084.000989
-3484.989333,28322.302133,17096.961478
-3485.989333,28303.617546,17099.585635
-3486.989333,28570.178342,17208.793428
-3490.989333,28594.577768,17230.092912
-3490.989333,28863.505669,17206.773739
-3490.989333,29087.812041,17466.313045
-3491.989333,28720.456848,17235.427442
-3491.989333,28761.682748,17234.775394
-3491.989333,28820.624423,17210.120195
-3491.989333,28907.179463,17210.594701
-3491.989333,29009.136179,17335.213432
-3492.989333,28391.933945,17128.606553
-3492.989333,28637.388763,17243.775699
-3492.989333,28681.185814,17246.187828
-3492.989333,29173.354523,17470.248004
-3493.989333,29132.18163,17486.520461
-3495.989333,29215.645988,17481.755913
-3497.989333,28186.331958,17060.932163
-3497.989333,28438.804434,17168.907388
-3497.989333,29301.734503,17495.675953
-3498.989333,29323.509772,17498.29085
-3500.989333,28127.036478,16943.594846
-3500.989333,28319.431462,17081.094555
-3501.989333,28256.33354,17088.350742
-3501.989333,28361.766674,17067.763018
-3502.989333,28235.896854,17102.888344
-3505.989333,28571.094147,17214.552013
-3505.989333,28984.067462,17305.337699
-3508.989333,29067.102338,17475.858106
-3509.989333,28843.958284,17219.259721
-3509.989333,29111.172406,17483.262776
-3510.989333,28722.1652,17248.353445
-3510.989333,28822.57929,17220.228533
-3510.989333,28886.98929,17222.314638
-3511.989333,28762.625056,17248.344184
-3511.989333,28909.160832,17228.513244
-3511.989333,29173.900557,17480.233085
-3512.989333,28394.558102,17147.29114
-3512.989333,29194.266993,17482.724725
-3512.989333,29215.0032,17480.989869
-3513.989333,28520.29796,17300.253515
-3513.989333,28641.448256,17270.393747
-3513.989333,28684.082988,17269.864956
-3513.989333,29280.205748,17490.243392
-3515.989333,28439.966752,17171.848309
-3517.989333,28934.74908,17260.563854
-3517.989333,29345.681314,17504.489455
-3518.989333,28463.450373,17187.389208
-3518.989333,29368.495644,17511.454105
-3519.989333,28216.296462,17099.753916
-3520.989333,28256.606558,17093.343283
-3521.989333,28322.821664,17099.136354
-3522.989333,28279.174374,17103.125597
-3523.989333,29022.95276,17445.022822
-3525.989333,29088.085059,17471.305586
-3526.989333,29109.464053,17470.336774
-3526.989333,29149.008104,17464.568929
-3528.989333,28845.666637,17232.185723
-3528.989333,28887.905095,17228.073224
-3530.989333,28911.388716,17243.614123
-3530.989333,29215.0032,17480.989869
-3531.989333,28143.001432,17045.0745
-3532.989333,28748.396235,17281.170099
-3532.989333,28785.83566,17258.892543
-3532.989333,29259.742559,17496.970788
-3532.989333,29302.377291,17496.441997
-3533.989333,28603.366044,17291.905259
-3534.989333,28168.836193,17074.307446
-3534.989333,28544.970403,17326.54554
-3535.989333,28419.530066,17186.38591
-3535.989333,28562.712682,17310.352593
-3535.989333,29346.200845,17506.664332
-3536.989333,28690.793142,17322.977797
-3539.989333,28256.483301,17094.752115
-3539.989333,28650.386293,17338.607467
-3540.989333,28279.940418,17102.482809
-3540.989333,28345.116463,17103.926128
-3540.989333,29000.411447,17443.050712
-3542.989333,29047.228929,17467.731138
-3542.989333,29087.292511,17464.138169
-3544.989333,29131.635595,17476.53538
-3545.989333,29149.800652,17471.736346
-3547.989333,28120.460119,17043.102391
-3547.989333,29174.789858,17478.181465
-3549.989333,29237.571016,17490.772183
-3550.989333,28870.215823,17259.88658
-3551.989333,29259.619302,17498.37962
-3551.989333,29282.829906,17508.927979
-3553.989333,28379.862758,17193.562588
-3553.989333,29325.341381,17509.80802
-3554.989333,28831.667087,17294.843625
-3555.989333,28548.510365,17350.988712
-3555.989333,28813.378774,17301.05149
-3555.989333,29369.164935,17520.030354
-3556.989333,28191.826787,17095.483673
-3556.989333,28506.271907,17355.101212
-3556.989333,28978.882693,17437.618151
-3557.989333,28406.093793,17226.379242
-3559.989333,28305.99519,17121.087886
-3559.989333,28346.948073,17115.443298
-3559.989333,28795.689501,17332.864847
-3560.989333,28260.14652,17117.786455
-3560.989333,28592.879953,17371.196128
-3560.989333,29024.141582,17455.773947
-3560.989333,29086.77298,17461.963292
-3561.989333,28698.788871,17377.622726
-3561.989333,28738.579435,17369.037217
-3562.989333,28616.363574,17386.737027
-3562.989333,28677.559637,17384.992911
-3562.989333,29131.265825,17480.761876
-3568.989333,29196.125106,17502.0521
-3569.989333,28127.786557,17089.171071
-3569.989333,28931.915451,17406.536353
-3569.989333,29259.892319,17503.372161
-3569.989333,29283.102923,17513.92052
-3571.989333,29325.218124,17511.216852
-3573.989333,28956.71115,17431.419546
-3573.989333,29409.10526,17517.846217
-3574.989333,28152.705513,17112.645432
-3574.989333,28237.85172,17112.996682
-3575.989333,28193.931413,17111.993384
-3577.989333,29002.516074,17459.560423
-3578.989333,28283.357123,17128.334814
-3579.989333,28409.906772,17255.814955
-3579.989333,29047.378689,17474.13251
-3579.989333,29088.75435,17479.881835
-3580.989333,29131.512338,17477.944212
-3581.989333,28557.421899,17411.392227
-3582.989333,28333.045276,17168.882162
-3582.989333,28722.668766,17396.747334
-3583.989333,28515.975988,17422.672144
-3583.989333,28575.586955,17406.593193
-3583.989333,28702.205576,17403.474731
-3583.989333,28782.579253,17393.471129
-3583.989333,29215.399474,17484.573577
-3584.989333,28619.903536,17411.180199
-3584.989333,28641.036017,17413.029052
-3585.989333,28825.487002,17397.934878
-3585.989333,28888.091897,17396.314019
-3585.989333,29259.223028,17494.795912
-3586.989333,29283.22618,17512.511688
-3589.989333,29346.597119,17510.24804
-3590.989333,28955.399072,17422.077252
-3592.989333,29410.813612,17530.77222
-3594.989333,28133.950676,17132.298831
-3595.989333,28176.435648,17125.368667
-3595.989333,28240.599135,17130.272437
-3596.989333,29024.414599,17460.766488
-3597.989333,28390.755661,17271.884645
-3597.989333,29088.234819,17477.706959
-3597.989333,29108.698009,17470.979562
-3599.989333,28263.290208,17138.645919
-3599.989333,28433.689914,17284.158599
-3599.989333,29151.509004,17484.662348
-3601.989333,28559.280011,17430.719602
-3602.989333,28540.1289,17446.789292
-3602.989333,28703.394398,17414.225856
-3602.989333,28743.97751,17412.807764
-3602.989333,28867.232433,17399.457707
-3602.989333,29175.97868,17488.932591
-3602.989333,29194.936284,17491.300974
-3603.989333,28600.109637,17426.483845
-3604.989333,28334.630372,17183.216997
-3604.989333,28500.584849,17452.557137
-3604.989333,28643.906688,17428.895975
-3604.989333,28827.045594,17404.459508
-3604.989333,29260.26209,17499.145665
-3605.989333,28806.855422,17416.179445
-3605.989333,29304.481917,17512.951708
-3606.989333,29346.324102,17505.2555
-3609.989333,28957.230681,17433.594422
-3609.989333,29391.21322,17527.637792
-3610.989333,28364.005095,17236.893114
-3614.989333,28113.240973,17141.843892
-3614.989333,28178.267257,17136.885837
-3614.989333,28221.42152,17138.531922
-3614.989333,29087.961802,17472.714418
-3615.989333,28157.804067,17143.613234
-3615.989333,29025.603421,17471.517613
-3617.989333,29110.802635,17487.489273
-3618.989333,28559.922799,17431.485646
-3619.989333,28415.401601,17290.366465
-3619.989333,28477.497502,17440.599947
-3619.989333,28683.450739,17423.128129
-3619.989333,29175.459149,17486.757714
-3620.989333,28518.203872,17437.773022
-3620.989333,28643.387157,17426.721098
-3620.989333,28726.481745,17426.183047
-3621.989333,28601.298459,17437.234971
-3621.989333,28621.761649,17430.507574
-3621.989333,28767.188114,17423.356122
-3621.989333,28869.213803,17417.376249
-3622.989333,28270.370132,17187.532263
-3622.989333,28807.524713,17424.755694
-3622.989333,28828.753947,17417.38551
-3622.989333,28891.508602,17422.166023
-3622.989333,29260.658363,17502.729373
-3622.989333,29283.22618,17512.511688
-3623.989333,28336.338725,17196.142999
-3623.989333,28933.89682,17424.454896
-3625.989333,28320.401552,17216.042911
-3625.989333,29326.133929,17516.975437
-3626.989333,29348.058958,17525.991707
-3626.989333,29390.420673,17520.470375
-3627.989333,28958.419503,17444.345548
-3630.989333,29003.158861,17460.326467
-3631.989333,29025.207147,17467.933905
-3632.989333,28092.777783,17148.571288
-3633.989333,28138.406443,17162.500588
-3633.989333,29068.29116,17486.609232
-3634.989333,29132.058373,17487.929293
-3635.989333,28203.705744,17162.535074
-3636.989333,28246.36698,17169.816488
-3636.989333,29155.788507,17500.652528
-3637.989333,28415.155087,17293.184129
-3638.989333,28725.812454,17417.606798
-3638.989333,28743.97751,17412.807764
-3638.989333,29239.402626,17502.289353
-3639.989333,28620.969101,17423.340157
-3639.989333,28661.798727,17419.1044
-3639.989333,28784.560623,17411.389671
-3639.989333,28867.901724,17408.033956
-3639.989333,28910.659713,17406.096333
-3639.989333,29196.917654,17509.219517
-3639.989333,29219.33571,17512.600458
-3639.989333,29303.962387,17510.776831
-3640.989333,28827.318612,17409.452048
-3640.989333,29325.341381,17509.80802
-3641.989333,28501.623911,17456.90689
-3643.989333,28274.306368,17215.559144
-3643.989333,29369.437952,17525.022895
-3645.989333,28298.556033,17230.457256
-3645.989333,28957.230681,17433.594422
-3648.989333,28367.27204,17256.343746
-3650.989333,29024.810873,17464.350196
-3653.989333,28141.0306,17181.185175
-3653.989333,28225.60427,17163.741139
-3653.989333,29090.585959,17491.399005
-3653.989333,29132.304886,17485.111629
-3654.989333,28183.762086,17171.437347
-3654.989333,28414.758813,17289.600421
-3654.989333,28435.741533,17285.047901
-3655.989333,28559.676285,17434.30331
-3655.989333,28703.913929,17416.400733
-3655.989333,28724.253861,17411.082168
-3655.989333,28764.687214,17403.262703
-3655.989333,29156.184781,17504.236237
-3656.989333,28540.498671,17442.562796
-3656.989333,28578.730643,17427.452657
-3656.989333,28600.109637,17426.483845
-3656.989333,28660.116878,17413.988603
-3656.989333,28682.931208,17420.953253
-3657.989333,28478.686324,17451.351072
-3657.989333,28868.544512,17408.8
-3657.989333,29217.380844,17502.49212
-3658.989333,28805.939617,17410.42086
-3658.989333,28827.318612,17409.452048
-3658.989333,29261.054637,17506.313082
-3659.989333,28934.266591,17420.2284
-3659.989333,29304.754934,17517.944249
-3660.989333,28522.016851,17467.208735
-3662.989333,29369.041678,17521.439186
-3663.989333,29410.294082,17528.597343
-3664.989333,28277.326799,17237.82744
-3664.989333,28979.67524,17444.785568
-3665.989333,28299.744855,17241.208381
-3667.989333,28071.002514,17145.956391
-3667.989333,28368.460862,17267.094872
-3667.989333,29024.810873,17464.350196
-3669.989333,29068.018143,17481.616691
-3670.989333,28096.044728,17168.02192
-3670.989333,29110.925892,17486.080441
-3671.989333,28226.520074,17169.499724
-3671.989333,29133.220691,17490.870214
-3672.989333,28702.848364,17404.240775
-3672.989333,28723.461314,17403.914751
-3672.989333,28785.546677,17400.119015
-3672.989333,28866.439885,17392.29029
-3672.989333,29155.665251,17502.06136
-3673.989333,28415.674618,17295.359006
-3673.989333,28578.457626,17422.460116
-3673.989333,28620.176553,17416.17274
-3673.989333,28641.678805,17413.795096
-3673.989333,28825.213985,17392.942338
-3674.989333,28144.940333,17201.401851
-3674.989333,28249.387411,17192.084784
-3674.989333,28518.99642,17444.940439
-3674.989333,28909.347634,17396.754039
-3674.989333,29195.728832,17498.468391
-3675.989333,28186.782517,17193.705643
-3675.989333,28500.188575,17448.973429
-3675.989333,29218.173392,17509.659537
-3677.989333,29284.688019,17528.255354
-3677.989333,29305.274465,17520.119125
-3678.989333,28338.689865,17209.835045
-3679.989333,28956.438133,17426.427005
-3679.989333,29368.918421,17522.848018
-3680.989333,29453.448344,17530.243428
-3681.989333,28323.421983,17238.311207
-3681.989333,29392.005768,17534.805209
-3682.989333,28276.930525,17234.243731
-3686.989333,28860.548783,17354.155071
-3686.989333,29049.210299,17485.649681
-3687.989333,28700.62048,17389.139896
-3687.989333,28820.881475,17361.331748
-3687.989333,28904.742107,17360.150909
-3687.989333,29090.312942,17486.406465
-3688.989333,28096.441002,17171.605628
-3688.989333,28720.837156,17385.230164
-3688.989333,28782.526246,17377.850719
-3688.989333,28800.541542,17366.650313
-3688.989333,28927.43318,17368.524391
-3689.989333,28575.983229,17410.176902
-3689.989333,28618.741218,17408.239278
-3690.989333,28142.465936,17189.118637
-3690.989333,28204.621549,17168.293659
-3690.989333,28658.928056,17403.237477
-3691.989333,29154.679196,17513.332017
-3692.989333,28395.730959,17304.261279
-3692.989333,28417.23321,17301.883635
-3692.989333,29178.083307,17505.442302
-3693.989333,28186.262986,17191.530767
-3693.989333,28952.625154,17396.991292
-3693.989333,29239.675643,17507.281894
-3693.989333,29284.018728,17519.679105
-3695.989333,28459.797692,17318.384086
-3696.989333,29326.406946,17521.967978
-3697.989333,29453.598105,17536.644801
-3698.989333,29370.353757,17530.78148
-3698.989333,29391.089964,17529.046624
-3699.989333,29433.654446,17545.547074
-3700.989333,28857.255334,17326.894234
-3701.989333,28301.576464,17252.725551
-3701.989333,28817.711284,17332.66208
-3701.989333,28922.308122,17329.746385
-3701.989333,29001.97004,17449.575342
-3701.989333,29497.941189,17549.042012
-3702.989333,29046.586141,17466.965093
-3703.989333,28368.064588,17263.511163
-3703.989333,28491.277042,17388.569914
-3703.989333,28758.523094,17360.134944
-3703.989333,28779.505815,17355.582424
-3704.989333,28533.691764,17398.668992
-3704.989333,28699.061888,17382.615267
-3704.989333,29067.894886,17483.025523
-3705.989333,28573.482328,17390.083482
-3705.989333,28637.619312,17387.177048
-3705.989333,28656.82343,17386.727767
-3706.989333,28225.60427,17163.741139
-3706.989333,29111.71844,17493.247858
-3706.989333,29152.178295,17493.238597
-3707.989333,28968.755834,17358.653306
-3707.989333,29566.067416,17589.782868
-3708.989333,28141.946405,17186.94376
-3708.989333,28394.815154,17298.502694
-3708.989333,28455.984713,17288.948373
-3709.989333,28184.431377,17180.013597
-3709.989333,28437.449886,17297.973903
-3710.989333,28248.34835,17187.735031
-3710.989333,29197.164168,17506.401853
-3711.989333,29261.054637,17506.313082
-3711.989333,29283.499197,17517.504228
-3715.989333,28854.481417,17301.808275
-3715.989333,28875.860411,17300.839463
-3715.989333,29327.992042,17536.302812
-3716.989333,29371.789092,17538.714942
-3716.989333,29392.129025,17533.396377
-3716.989333,29433.381429,17540.554534
-3716.989333,29454.117636,17538.819678
-3717.989333,28323.175469,17241.128871
-3717.989333,28776.485383,17333.314128
-3718.989333,28794.50068,17322.113721
-3718.989333,28940.270412,17302.925569
-3718.989333,29496.629111,17539.699719
-3719.989333,28553.608919,17381.956514
-3719.989333,28696.164713,17358.938139
-3719.989333,29024.141582,17455.773947
-3720.989333,28591.198104,17366.080331
-3720.989333,28653.926255,17363.050639
-3720.989333,29047.378689,17474.13251
-3722.989333,29068.018143,17481.616691
-3724.989333,29565.944159,17591.1917
-3725.989333,28140.757583,17176.192635
-3725.989333,28392.710527,17281.992983
-3725.989333,29113.426792,17506.17386
-3725.989333,29134.805787,17505.205048
-3726.989333,28455.588439,17285.364664
-3727.989333,28205.414097,17175.461076
-3727.989333,28247.952076,17184.151322
-3727.989333,28416.070892,17298.942714
-3727.989333,29155.595001,17519.090602
-3727.989333,29177.96005,17506.851134
-3729.989333,29218.816179,17510.425582
-3729.989333,29239.825403,17513.683266
-3730.989333,28166.592344,17205.42558
-3730.989333,28850.941455,17277.365102
-3730.989333,28915.324952,17271.641003
-3731.989333,29306.736304,17535.862791
-3731.989333,29431.673076,17527.628532
-3732.989333,28833.445689,17290.740385
-3732.989333,29348.701745,17526.757751
-3733.989333,28771.809607,17313.740239
-3733.989333,28790.960718,17297.670549
-3734.989333,28960.187567,17286.213091
-3734.989333,29410.567099,17533.589884
-3735.989333,28323.54524,17236.902375
-3735.989333,28528.566706,17359.890985
-3735.989333,28550.861505,17364.680759
-3735.989333,28715.439081,17341.459617
-3736.989333,28611.388277,17354.360393
-3736.989333,28651.055584,17347.183716
-3736.989333,28694.456361,17346.012137
-3736.989333,29496.752368,17538.290886
-3737.989333,28366.479492,17249.176329
-3737.989333,29540.329408,17551.330885
-3739.989333,29068.018143,17481.616691
-3740.989333,29563.566515,17569.689448
-3741.989333,28073.107141,17162.466102
-3741.989333,29090.339445,17494.216669
-3742.989333,28095.525197,17165.847043
-3743.989333,29135.721592,17510.963633
-3744.989333,28205.264337,17169.059704
-3744.989333,28414.635556,17291.009253
-3744.989333,28455.068908,17283.189788
-3745.989333,28143.654757,17199.869763
-3746.989333,28498.399435,17299.04745
-3746.989333,29240.071917,17510.865602
-3746.989333,29304.235404,17515.769372
-3747.989333,29180.187933,17521.952012
-3747.989333,29283.499197,17517.504228
-3748.989333,28850.818198,17278.773934
-3748.989333,28915.324952,17271.641003
-3748.989333,29040.122501,17411.034589
-3749.989333,28751.936197,17305.613271
-3749.989333,28770.224511,17299.405405
-3749.989333,28810.481599,17277.374363
-3749.989333,29368.645404,17517.855478
-3750.989333,29390.940203,17522.645251
-3750.989333,29453.967875,17532.418305
-3751.989333,28274.429625,17214.150312
-3751.989333,28361.627452,17215.390863
-3751.989333,28691.312673,17325.152673
-3751.989333,28731.746025,17317.333208
-3751.989333,28959.395019,17279.045674
-3751.989333,29413.384763,17533.836397
-3752.989333,28322.629435,17231.14379
-3752.989333,28630.909158,17334.064207
-3753.989333,28549.822444,17360.331006
-3753.989333,29064.081907,17453.58981
-3755.989333,29519.593201,17553.065741
-3757.989333,29007.30457,17323.696262
-3760.989333,28391.151935,17275.468354
-3760.989333,28434.429455,17275.705607
-3761.989333,28475.012567,17274.287515
-3762.989333,28097.999594,17178.130258
-3762.989333,29156.977329,17511.403654
-3764.989333,28144.297545,17200.635807
-3764.989333,28228.624701,17186.009435
-3764.989333,29283.22618,17512.511688
-3765.989333,28185.743455,17189.35589
-3765.989333,28849.506119,17269.431641
-3765.989333,28891.867834,17263.910309
-3765.989333,29220.005001,17521.176707
-3765.989333,29241.383996,17520.207896
-3766.989333,28604.158592,17299.072676
-3766.989333,28709.671236,17301.915566
-3766.989333,28749.4618,17293.330056
-3766.989333,29326.133929,17516.975437
-3767.989333,28271.558954,17198.283389
-3767.989333,28358.880037,17198.115108
-3767.989333,28524.63047,17331.864105
-3767.989333,28771.237069,17295.944953
-3767.989333,28811.00113,17279.549239
-3767.989333,29059.99591,17419.161557
-3768.989333,28338.293591,17206.251337
-3768.989333,28585.280498,17320.134907
-3768.989333,29390.940203,17522.645251
-3768.989333,29434.517244,17535.68525
-3768.989333,29453.325088,17531.652261
-3769.989333,28648.404924,17320.688924
-3769.989333,29371.146305,17537.948897
-3770.989333,28960.337328,17292.614464
-3770.989333,29495.836563,17532.532301
-3771.989333,28297.243955,17221.114962
-3771.989333,29538.348038,17533.412342
-3773.989333,29087.415767,17462.729337
-3774.989333,28070.482984,17143.781515
-3776.989333,28388.008247,17254.60889
-3776.989333,28490.923237,17246.577397
-3777.989333,28224.688465,17157.982554
-3777.989333,28431.805298,17257.02102
-3777.989333,28451.132672,17255.162907
-3777.989333,29032.892817,17355.746871
-3777.989333,29565.671142,17586.199159
-3780.989333,28248.198589,17181.333658
-3780.989333,29157.373603,17514.987362
-3780.989333,29218.146888,17501.849333
-3781.989333,28143.38174,17194.877222
-3781.989333,28889.763208,17247.400598
-3781.989333,29303.566113,17507.193123
-3783.989333,28602.846514,17289.730383
-3783.989333,28666.120699,17296.685772
-3783.989333,28748.272979,17282.578931
-3783.989333,28768.463151,17270.858994
-3783.989333,28830.671772,17265.654425
-3783.989333,28849.233102,17264.4391
-3783.989333,29240.987722,17516.624187
-3784.989333,28625.018056,17295.928988
-3784.989333,28708.482414,17291.16444
-3784.989333,29286.123354,17536.188815
-3784.989333,29452.655797,17523.076011
-3785.989333,28294.619797,17202.430375
-3785.989333,28545.216917,17323.727876
-3785.989333,28584.091676,17309.383781
-3785.989333,28935.391868,17261.329898
-3786.989333,28338.962882,17214.827586
-3786.989333,29369.834226,17528.606604
-3787.989333,29083.602788,17433.293624
-3787.989333,29413.138249,17536.654062
-3787.989333,29515.903479,17522.221196
-3791.989333,28983.944205,17306.746531
-3791.989333,29108.548248,17464.578189
-3791.989333,29540.725682,17554.914594
-3793.989333,28071.275532,17150.948932
-3793.989333,28431.655537,17250.619647
-3794.989333,28451.255929,17253.754075
-3794.989333,29031.703995,17344.995746
-3794.989333,29132.70116,17488.695338
-3795.989333,28095.921471,17169.430752
-3795.989333,28516.757998,17275.810343
-3797.989333,28227.708896,17180.25085
-3799.989333,28144.693819,17204.219516
-3799.989333,28268.018992,17173.840217
-3799.989333,28785.958917,17257.483711
-3799.989333,28829.386197,17264.122337
-3799.989333,28891.075286,17256.742892
-3799.989333,29178.506084,17516.836215
-3799.989333,29196.52138,17505.635808
-3800.989333,28187.302048,17195.88052
-3800.989333,28707.566609,17285.405855
-3800.989333,28748.519492,17279.761267
-3800.989333,29283.772214,17522.496769
-3801.989333,28336.585238,17193.325335
-3801.989333,28643.8259,17291.895999
-3801.989333,29220.647789,17521.942752
-3802.989333,28563.971754,17304.074477
-3802.989333,28625.537587,17298.103865
-3802.989333,29348.182214,17524.582875
-3802.989333,29411.280136,17517.326687
-3805.989333,28938.042528,17287.82469
-3805.989333,29474.184551,17528.508572
-3805.989333,29495.440289,17528.948593
-3807.989333,28384.072011,17226.582009
-3807.989333,29540.056391,17546.338344
-3808.989333,29106.320365,17449.477311
-3809.989333,28407.678889,17240.714076
-3809.989333,28511.905957,17242.024877
-3810.989333,28449.94385,17244.411781
-3813.989333,28096.044728,17168.02192
-3814.989333,28226.1238,17165.916016
-3814.989333,28558.203908,17264.530426
-3814.989333,29011.117549,17353.131975
-3814.989333,29034.204896,17365.089165
-3815.989333,28142.985466,17191.293513
-3815.989333,28162.656108,17177.3987
-3816.989333,28245.724192,17169.050443
-3816.989333,28829.236436,17257.720964
-3817.989333,28315.549511,17182.257445
-3817.989333,28725.978179,17277.789157
-3817.989333,28768.463151,17270.858994
-3817.989333,28869.696292,17257.711704
-3818.989333,28643.033352,17284.728582
-3818.989333,28686.830403,17287.140711
-3818.989333,29078.997261,17396.690494
-3818.989333,29219.089196,17515.418122
-3818.989333,29260.015576,17501.963329
-3818.989333,29282.979666,17515.329352
-3819.989333,28956.770862,17260.361087
-3820.989333,29326.133929,17516.975437
-3821.989333,28917.306322,17289.559546
-3822.989333,29103.546447,17424.391351
-3822.989333,29434.517244,17535.68525
-3822.989333,29453.844618,17533.827137
-3823.989333,29392.252282,17531.987545
-3823.989333,29495.044015,17525.364884
-3825.989333,28067.339296,17122.922051
-3825.989333,28404.781714,17217.036948
-3825.989333,28426.68024,17218.243013
-3825.989333,29560.36982,17533.209575
-3826.989333,28510.074348,17230.507707
-3826.989333,29129.407712,17461.434501
-3827.989333,28469.218218,17226.933259
-3827.989333,28533.284952,17241.056066
-3830.989333,28118.982315,17173.577738
-3830.989333,29154.99596,17493.485111
-3831.989333,28557.015086,17253.779301
-3832.989333,28225.481013,17165.149971
-3832.989333,29176.771228,17496.100008
-3833.989333,28162.532851,17178.807532
-3833.989333,28267.622718,17170.256508
-3833.989333,28847.128476,17247.929389
-3833.989333,29013.098918,17371.050517
-3834.989333,28288.482181,17167.11282
-3834.989333,28641.201743,17273.211412
-3834.989333,28705.338726,17270.304977
-3834.989333,28746.291609,17264.660388
-3835.989333,28334.357355,17178.224456
-3835.989333,28685.395067,17279.20725
-3835.989333,28786.478447,17259.658587
-3835.989333,29057.618267,17397.659306
-3835.989333,29197.956716,17513.56927
-3835.989333,29284.018728,17519.679105
-3836.989333,28893.30317,17271.843771
-3836.989333,29347.116649,17512.422917
-3836.989333,29366.540778,17501.345767
-3837.989333,29327.049734,17522.734022
-3837.989333,29433.451679,17523.525292
-3840.989333,28957.71317,17273.929876
-3841.989333,28425.244904,17210.309552
-3841.989333,29558.811228,17526.684946
-3842.989333,28404.658458,17218.445781
-3842.989333,28918.6184,17298.90184
-3842.989333,29127.945873,17445.690835
-3842.989333,29497.148642,17541.874595
-3844.989333,28469.094962,17228.342091
-3845.989333,28045.210222,16978.314637
-3845.989333,29152.098785,17469.807983
-3846.989333,28512.698505,17249.192294
-3847.989333,28116.507917,17161.294523
-3848.989333,28138.925973,17164.675465
-3848.989333,28535.116561,17252.573236
-3848.989333,28556.372299,17253.013256
-3849.989333,28598.240987,17253.127253
-3849.989333,29175.855423,17490.341423
-3850.989333,28182.203493,17164.912718
-3850.989333,28244.535371,17158.299318
-3850.989333,28311.366761,17157.048229
-3850.989333,28662.827251,17269.424936
-3850.989333,28827.924358,17248.37867
-3851.989333,28352.319644,17151.40364
-3851.989333,28706.10477,17269.662189
-3851.989333,28746.168352,17266.06922
-3851.989333,29014.261237,17373.991438
-3851.989333,29282.310375,17506.753102
-3852.989333,28641.324999,17271.802579
-3852.989333,29036.855557,17391.583957
-3853.989333,28786.231934,17262.476251
-3853.989333,28871.254884,17264.236333
-3853.989333,29219.608727,17517.592999
-3853.989333,29261.847185,17513.480499
-3853.989333,29346.077588,17508.073164
-3855.989333,29080.582357,17411.025328
-3856.989333,29452.655797,17523.076011
-3857.989333,29412.988489,17530.252689
-3858.989333,28400.598965,17191.827732
-3858.989333,28959.941054,17289.030755
-3858.989333,29537.432233,17527.653757
-3859.989333,29518.404379,17542.314615
-3860.989333,28043.105595,16961.804927
-3860.989333,28444.968553,17212.035148
-3860.989333,28919.410948,17306.069257
-3862.989333,29151.702511,17466.224275
-3864.989333,28512.302231,17245.608586
-3865.989333,28138.802717,17166.084297
-3865.989333,28158.200341,17147.196942
-3866.989333,28201.724375,17144.616532
-3866.989333,28242.580504,17148.19098
-3867.989333,28287.020342,17151.369154
-3867.989333,28577.135009,17259.088605
-3867.989333,28990.927376,17364.851912
-3868.989333,28620.535786,17257.917026
-3869.989333,28330.570879,17156.598948
-3869.989333,28599.702825,17268.870919
-3869.989333,28683.686714,17266.281248
-3870.989333,28725.581905,17274.205449
-3870.989333,28746.168352,17266.06922
-3870.989333,28785.043112,17251.725126
-3870.989333,28829.755967,17259.89584
-3870.989333,29219.212453,17514.00929
-3870.989333,29304.085643,17509.367999
-3872.989333,28397.18226,17165.975728
-3872.989333,29059.722893,17414.169016
-3872.989333,29325.737655,17513.391728
-3873.989333,29347.785941,17520.999166
-3873.989333,29434.367483,17529.283877
-3874.989333,28037.734024,16925.844584
-3874.989333,29264.89412,17543.559
-3874.989333,29412.468958,17528.077812
-3875.989333,29104.858526,17433.733644
-3875.989333,29537.40573,17519.843553
-3876.989333,29496.47935,17533.298346
-3877.989333,28443.929491,17207.685395
-3877.989333,28898.031954,17307.038068
-3877.989333,29127.699359,17448.508499
-3878.989333,28466.470804,17209.657504
-3880.989333,28134.34695,17135.882539
-3880.989333,28964.273564,17320.641344
-3882.989333,28987.114397,17335.416199
-3883.989333,28222.583838,17141.472843
-3884.989333,28159.389163,17157.948068
-3884.989333,28180.495141,17151.986716
-3885.989333,28264.99856,17151.571921
-3885.989333,28577.011752,17260.497437
-3885.989333,28597.994473,17255.944917
-3886.989333,28286.377555,17150.603109
-3886.989333,28330.94065,17152.372452
-3887.989333,28640.409195,17266.043994
-3887.989333,28785.166369,17250.316294
-3887.989333,29304.358661,17514.36054
-3888.989333,28395.473907,17153.049725
-3888.989333,28829.509453,17262.713505
-3888.989333,29015.326802,17386.151396
-3888.989333,29241.260739,17521.616728
-3889.989333,28686.707146,17288.549543
-3889.989333,28727.017241,17282.13891
-3889.989333,28850.545181,17273.781394
-3889.989333,29368.891918,17515.037814
-3890.989333,28034.467079,16906.393953
-3890.989333,28769.378956,17276.617579
-3890.989333,29040.245758,17409.625757
-3891.989333,29412.072684,17524.494104
-3892.989333,29452.409283,17525.893675
-3892.989333,29473.788277,17524.924864
-3894.989333,28423.809569,17202.37609
-3894.989333,29517.761592,17541.548571
-3895.989333,28899.863563,17318.555239
-3896.989333,28445.488084,17214.210024
-3896.989333,29128.21889,17450.683376
-3896.989333,29149.474628,17451.123396
-3897.989333,28467.140095,17218.233753
-3897.989333,28510.717136,17231.273752
-3898.989333,28065.277138,16968.003532
-3899.989333,28156.095715,17130.687232
-3901.989333,28200.562056,17141.675611
-3901.989333,28534.0775,17248.223483
-3901.989333,28555.456494,17247.254671
-3901.989333,28967.690269,17346.493349
-3902.989333,29194.266993,17482.724725
-3903.989333,28244.262353,17153.306777
-3904.989333,28287.416616,17154.952862
-3904.989333,28330.694136,17155.190116
-3905.989333,28641.324999,17271.802579
-3905.989333,28684.082988,17269.864956
-3905.989333,28724.269827,17264.863155
-3905.989333,29261.996946,17519.881872
-3905.989333,29303.962387,17510.776831
-3906.989333,28747.603688,17274.002682
-3906.989333,28786.231934,17262.476251
-3906.989333,28829.509453,17262.713505
-3906.989333,29015.450059,17384.742564
-3906.989333,29344.765509,17498.73087
-3907.989333,28397.305516,17164.566895
-3907.989333,29432.782388,17514.949043
-3908.989333,29411.280136,17517.326687
-3909.989333,29472.995729,17517.757447
-3910.989333,29061.97728,17437.0801
-3911.989333,29083.875805,17438.286165
-3912.989333,28876.802719,17314.408253
-3913.989333,29127.699359,17448.508499
-3915.989333,28446.800162,17223.552318
-3915.989333,28942.771312,17323.018988
-3916.989333,28488.81861,17230.067687
-3916.989333,28921.665335,17328.98034
-3917.989333,29172.834992,17468.073127
-3918.989333,28177.351452,17131.127252
-3918.989333,28533.804483,17243.230942
-3919.989333,28223.499643,17147.231428
-3920.989333,28094.105827,17011.694569
-3920.989333,28575.946187,17248.337479
-3920.989333,28990.654359,17359.859371
-3921.989333,28264.602286,17147.988213
-3921.989333,28683.167184,17264.106371
-3922.989333,28286.254298,17152.011942
-3923.989333,28621.08182,17267.902107
-3923.989333,28725.185632,17270.62174
-3923.989333,29262.516476,17522.056748
-3923.989333,29344.888766,17497.322038
-3923.989333,29430.950778,17503.431873
-3924.989333,28356.47589,17168.802652
-3924.989333,28767.670603,17263.691576
-3924.989333,28807.461168,17255.106067
-3924.989333,29305.547482,17525.111666
-3925.989333,29016.515624,17396.902522
-3925.989333,29410.883862,17513.742978
-3926.989333,28832.529885,17284.9818
-3927.989333,28377.758131,17177.052877
-3927.989333,29472.995729,17517.757447
-3928.989333,28127.390283,17085.587363
-3929.989333,28402.157557,17198.352361
-3931.989333,29106.839896,17451.652187
-3933.989333,28447.715967,17229.310903
-3933.989333,28487.902806,17224.309102
-3934.989333,28943.440603,17331.595237
-3934.989333,29172.711735,17469.481959
-3935.989333,28176.039374,17121.784959
-3935.989333,28221.27176,17132.13055
-3935.989333,28924.016475,17342.672387
-3935.989333,29192.435384,17471.207555
-3937.989333,28556.222539,17246.611884
-3938.989333,28682.251379,17258.347786
-3938.989333,29215.672491,17489.566118
-3938.989333,29238.486821,17496.530768
-3939.989333,28264.602286,17147.988213
-3939.989333,28311.243504,17158.457061
-3939.989333,28598.390747,17259.528625
-3939.989333,28992.116198,17375.603037
-3940.989333,28620.562289,17265.727231
-3940.989333,29323.906046,17501.874558
-3941.989333,28725.581905,17274.205449
-3941.989333,29367.579839,17505.69552
-3942.989333,29305.001448,17515.126584
-3942.989333,29410.487588,17510.15927
-3942.989333,29450.674427,17505.157469
-3943.989333,28121.102906,17043.868436
-3943.989333,28358.827031,17182.494699
-3943.989333,28769.378956,17276.617579
-3944.989333,28809.442538,17273.02461
-3944.989333,29472.995729,17517.757447
-3945.989333,28853.442355,17297.458522
-3947.989333,28147.333942,17076.68509
-3950.989333,28406.093793,17226.379242
-3950.989333,28426.556983,17219.651845
-3951.989333,28469.094962,17228.342091
-3951.989333,29130.596534,17472.185627
-3951.989333,29172.561975,17463.080587
-3952.989333,28196.229546,17110.065021
-3952.989333,28491.786035,17236.715573
-3953.989333,28924.536006,17344.847263
-3953.989333,28944.999196,17338.119867
-3954.989333,28239.83309,17130.915225
-3954.989333,28533.408209,17239.647234
-3955.989333,29237.174742,17487.188474
-3956.989333,28114.049486,17002.792296
-3956.989333,28576.219204,17253.33002
-3956.989333,28990.407845,17362.677035
-3956.989333,29260.78162,17501.320541
-3956.989333,29281.271313,17502.403349
-3957.989333,29430.404744,17493.446792
-3958.989333,28312.555583,17167.799354
-3958.989333,28684.998793,17275.623541
-3958.989333,29345.28504,17500.905747
-3959.989333,28640.285938,17267.452826
-3959.989333,28726.101436,17276.380325
-3959.989333,28766.235268,17255.758115
-3959.989333,29367.306822,17500.70298
-3960.989333,29039.206697,17405.276004
-3960.989333,29410.487588,17510.15927
-3961.989333,28359.223305,17186.078407
-3962.989333,28810.358342,17278.783195
-3963.989333,28834.757768,17300.082679
-3964.989333,28081.011544,16926.081838
-3965.989333,29127.303085,17444.924791
-3966.989333,28170.667802,17085.824616
-3966.989333,28402.430574,17203.344902
-3966.989333,29106.839896,17451.652187
-3967.989333,28216.815993,17101.928793
-3967.989333,28508.365995,17217.581705
-3968.989333,28426.556983,17219.651845
-3968.989333,28467.782883,17218.999797
-3968.989333,28879.823151,17336.676548
-3969.989333,29172.288958,17458.088046
-3970.989333,28108.801171,16965.423121
-3970.989333,29192.162367,17466.215014
-3971.989333,28944.999196,17338.119867
-3971.989333,29213.814378,17470.238743
-3973.989333,28968.879091,17357.244474
-3974.989333,28285.188733,17139.851984
-3974.989333,28722.041943,17249.762277
-3975.989333,28311.639778,17162.040769
-3975.989333,28577.8043,17267.664854
-3975.989333,28991.446907,17367.026788
-3975.989333,29302.773565,17500.025706
-3975.989333,29323.756285,17495.473186
-3975.989333,29430.554504,17499.848164
-3976.989333,28640.409195,17266.043994
-3976.989333,28706.377788,17274.65473
-3977.989333,28746.9609,17273.236637
-3977.989333,29388.56256,17501.143
-3978.989333,28686.187615,17286.374667
-3978.989333,29450.154896,17502.982592
-3980.989333,29041.830854,17423.960591
-3981.989333,28835.154042,17303.666387
-3983.989333,28402.430574,17203.344902
-3984.989333,28425.368161,17208.90072
-3984.989333,28856.85906,17323.310526
-3984.989333,29128.615164,17454.267084
-3986.989333,28106.300271,16945.329702
-3986.989333,28217.212267,17105.512501
-3986.989333,28509.678074,17226.923999
-3987.989333,28236.416385,17105.06322
-3987.989333,28468.698688,17224.758382
-3987.989333,28903.430029,17350.808615
-3987.989333,29171.399656,17460.139666
-3988.989333,28944.356408,17337.353822
-3988.989333,29213.937635,17468.829911
-3989.989333,28533.531465,17238.238402
-3990.989333,28925.08204,17354.832344
-3990.989333,29258.43048,17487.628495
-3991.989333,28284.272928,17134.093399
-3992.989333,28577.011752,17260.497437
-3992.989333,28597.474942,17253.77004
-3992.989333,29301.981017,17492.858289
-3992.989333,29430.00847,17489.863083
-3993.989333,29324.029302,17500.465726
-3994.989333,28641.201743,17273.211412
-3994.989333,28684.875536,17277.032373
-3994.989333,28724.269827,17264.863155
-3994.989333,29036.978813,17390.175125
-3994.989333,29387.250481,17491.800706
-3995.989333,28357.391695,17174.561237
-3995.989333,28767.274329,17260.107868
-3997.989333,28787.940286,17275.402253
-3998.989333,28164.257169,17045.514521
-3998.989333,28810.111829,17281.600859
-4000.989333,28101.721247,16916.536777
-4001.989333,28856.066513,17316.143109
-4001.989333,29105.800834,17447.302434
-4001.989333,29128.342147,17449.274544
-4002.989333,28215.380658,17093.995331
-4002.989333,28423.809569,17202.37609
-4004.989333,28901.598419,17339.291445
-4004.989333,29189.934483,17451.114136
-4005.989333,28237.578703,17108.004141
-4005.989333,28468.0559,17223.992338
-4005.989333,28487.383275,17222.134225
-4005.989333,28964.819598,17330.626426
-4006.989333,29235.589647,17472.85364
-4007.989333,28261.185581,17122.136208
-4007.989333,28533.284952,17241.056066
-4007.989333,28946.707548,17351.045869
-4007.989333,29279.289944,17484.484807
-4009.989333,28309.015621,17143.356182
-4009.989333,29342.264609,17478.637451
-4009.989333,29406.401592,17475.731016
-4010.989333,28598.11773,17254.536085
-4011.989333,28683.167184,17264.106371
-4011.989333,28704.546178,17263.13756
-4011.989333,29387.127224,17493.209538
-4012.989333,28641.84453,17273.977456
-4012.989333,29038.537406,17396.699754
-4013.989333,28356.995421,17170.977529
-4015.989333,28377.511618,17179.870541
-4015.989333,28769.132442,17279.435243
-4017.989333,28834.907528,17306.484052
-4017.989333,29083.999062,17436.877333
-4018.989333,28212.236969,17073.135867
-4019.989333,28423.809569,17202.37609
-4020.989333,29148.68208,17443.955979
-4021.989333,29211.313478,17450.145324
-4022.989333,28126.120673,16937.836261
-4022.989333,28486.987001,17218.550517
-4022.989333,28880.738955,17342.435133
-4022.989333,29190.973545,17455.463889
-4023.989333,28922.58114,17334.738925
-4023.989333,28986.568363,17325.431118
-4023.989333,29256.722127,17474.702493
-4024.989333,28083.774923,16797.13858
-4024.989333,28258.834441,17108.444162
-4024.989333,28944.479665,17335.94499
-4024.989333,29009.012922,17336.622264
-4025.989333,28555.306734,17240.853298
-4026.989333,29405.882061,17473.55614
-4027.989333,28154.826105,16982.93613
-4027.989333,28283.876654,17130.50969
-4027.989333,28308.742604,17138.363641
-4027.989333,28596.928908,17243.784959
-4027.989333,29322.444207,17486.130892
-4028.989333,28661.515172,17260.082642
-4028.989333,29302.254034,17497.850829
-4029.989333,28620.685546,17264.318399
-4029.989333,29036.829053,17383.773752
-4030.989333,28356.079616,17165.218943
-4030.989333,28725.581905,17274.205449
-4031.989333,28767.547347,17265.100409
-4033.989333,29081.647922,17423.185286
-4034.989333,28399.137126,17176.084066
-4034.989333,28834.757768,17300.082679
-4036.989333,28122.307694,16908.400548
-4036.989333,28441.948122,17189.766852
-4036.989333,29127.030068,17439.93225
-4038.989333,28879.15386,17328.100299
-4039.989333,28233.395954,17082.794925
-4039.989333,28983.697692,17309.564195
-4039.989333,29189.661466,17446.121595
-4039.989333,29257.435165,17458.439296
-4040.989333,28486.987001,17218.550517
-4040.989333,29276.9123,17462.982555
-4041.989333,28923.223927,17335.50497
-4041.989333,28944.479665,17335.94499
-4042.989333,28532.09613,17230.30494
-4043.989333,28281.005983,17114.642767
-4043.989333,28573.991321,17238.229141
-4043.989333,29299.999647,17474.939746
-4043.989333,29426.741525,17470.412452
-4044.989333,29363.6171,17469.858435
-4045.989333,29385.788642,17476.05704
-4046.989333,28353.332202,17147.943188
-4046.989333,28619.373467,17254.976105
-4046.989333,29054.474579,17376.799842
-4048.989333,28706.897318,17276.829606
-4049.989333,28115.22777,16859.514204
-4051.989333,28207.781203,17042.93411
-4051.989333,28769.502213,17275.208747
-4051.989333,28832.926159,17288.565509
-4052.989333,28399.929674,17183.251483
-4052.989333,29104.065978,17426.566227
-4052.989333,29125.321716,17427.006248
-4054.989333,29168.872252,17432.236042
-4055.989333,28463.846647,17190.972917
-4056.989333,28878.757586,17324.516591
-4056.989333,28900.13658,17323.547779
-4056.989333,29003.764608,17299.253089
-4057.989333,28254.651691,17083.234945
-4057.989333,28508.365995,17217.581705
-4058.989333,29277.555088,17463.7486
-4058.989333,29296.459685,17450.496574
-4059.989333,28281.34925,17102.606066
-4059.989333,28944.206648,17330.95245
-4060.989333,28552.955594,17227.161252
-4060.989333,29032.100269,17348.579454
-4060.989333,29362.305021,17460.516141
-4060.989333,29404.939753,17459.98735
-4060.989333,29425.67596,17458.252494
-4061.989333,28328.016972,17120.885119
-4062.989333,28575.153639,17241.170062
-4062.989333,28681.309071,17244.778996
-4063.989333,28352.14338,17137.192063
-4063.989333,28659.437049,17251.383136
-4064.989333,28722.957748,17255.520862
-4067.989333,28767.151073,17261.5167
-4068.989333,29101.961352,17410.056517
-4069.989333,28140.666257,16885.163441
-4069.989333,28398.221321,17170.325481
-4070.989333,28226.712304,17037.492289
-4070.989333,28833.718707,17295.732926
-4071.989333,29023.558506,17283.949444
-4071.989333,29145.784905,17420.278851
-4072.989333,28463.969904,17189.564085
-4072.989333,28877.17249,17310.181757
-4072.989333,29186.764292,17422.444467
-4072.989333,29208.935834,17428.643073
-4073.989333,28506.7809,17203.246871
-4073.989333,29274.534656,17441.480304
-4074.989333,28169.89122,16932.438186
-4074.989333,29232.542712,17442.77514
-4075.989333,28279.244624,17086.096356
-4075.989333,28920.723027,17315.41155
-4075.989333,28963.234502,17316.291591
-4075.989333,28983.820949,17308.155363
-4076.989333,29339.094417,17449.967783
-4077.989333,28324.47701,17096.441947
-4077.989333,28552.55932,17223.577543
-4078.989333,29051.03137,17343.137633
-4079.989333,28574.114578,17236.820309
-4079.989333,29404.69324,17462.805014
-4080.989333,28702.961082,17248.802725
-4081.989333,28618.457663,17249.21752
-4082.989333,28639.220373,17255.292869
-4082.989333,28682.374636,17256.938954
-4083.989333,29099.583708,17388.554265
-4084.989333,28373.698639,17150.434828
-4084.989333,28830.028984,17264.888381
-4085.989333,28225.003951,17024.566286
-4085.989333,28767.42409,17266.509241
-4085.989333,29019.076236,17245.937482
-4086.989333,28788.583074,17276.168298
-4087.989333,28810.111829,17281.600859
-4088.989333,28252.890332,17054.688533
-4088.989333,29166.098335,17407.150082
-4089.989333,28162.168508,16882.785797
-4089.989333,28442.687663,17181.313859
-4089.989333,28896.596618,17299.104607
-4090.989333,28484.829367,17186.420397
-4090.989333,28939.477864,17295.758152
-4090.989333,29229.795298,17425.499385
-4091.989333,28983.151657,17299.579113
-4092.989333,28303.098015,17097.410759
-4093.989333,28528.159894,17202.278059
-4093.989333,28550.058419,17203.484124
-4093.989333,29047.887682,17322.278169
-4093.989333,29296.036908,17439.102661
-4093.989333,29423.69459,17440.333951
-4094.989333,28325.912345,17104.375408
-4094.989333,29339.860462,17449.324995
-4094.989333,29402.958383,17442.068807
-4095.989333,29361.116199,17449.765015
-4096.989333,28571.243907,17220.953386
-4097.989333,28370.03542,17127.400488
-4097.989333,28594.974042,17233.676621
-4100.989333,28395.20089,17148.057185
-4100.989333,28661.515172,17260.082642
-4100.989333,28704.149904,17259.553851
-4103.989333,28438.92769,17167.498556
-4103.989333,28767.94362,17268.684117
-4103.989333,28785.83566,17258.892543
-4103.989333,28831.217806,17275.639507
-4103.989333,29018.556705,17243.762605
-4103.989333,29142.491457,17393.018015
-4105.989333,28247.122486,17015.144483
-4106.989333,28185.502369,16891.925324
-4106.989333,28484.829367,17186.420397
-4106.989333,28874.671589,17290.088337
-4106.989333,29206.55819,17407.140821
-4108.989333,28526.997576,17199.337138
-4108.989333,28938.685316,17288.590735
-4108.989333,28980.923774,17284.478235
-4109.989333,29045.386781,17302.18475
-4109.989333,29293.685768,17425.410614
-4109.989333,29315.980567,17430.200387
-4110.989333,29067.16205,17304.799647
-4110.989333,29380.26731,17433.695325
-4111.989333,28322.6454,17084.924777
-4111.989333,29402.165836,17434.90139
-4112.989333,28210.993863,16933.19497
-4113.989333,28595.493572,17235.851498
-4115.989333,28638.947356,17250.300328
-4116.989333,28368.450324,17113.065654
-4116.989333,28682.894167,17259.113831
-4116.989333,28703.876887,17254.56131
-4117.989333,28389.706062,17113.505675
-4118.989333,28242.393702,16979.950185
-4119.989333,28767.42409,17266.509241
-4119.989333,28808.253716,17262.273484
-4119.989333,28849.629376,17268.022809
-4119.989333,29140.113813,17371.515763
-4121.989333,28436.180276,17150.222801
-4121.989333,28999.801868,17263.416004
-4121.989333,29022.219924,17266.796945
-4121.989333,29181.639234,17383.666461
-4122.989333,28917.033304,17284.567006
-4122.989333,28980.131226,17277.310818
-4123.989333,28479.85407,17154.043763
-4123.989333,29064.264875,17281.122519
-4123.989333,29226.501849,17398.238548
-4125.989333,28296.414365,17052.108123
-4125.989333,29292.223929,17409.666948
-4126.989333,29421.959734,17419.597744
-4127.989333,28525.26272,17178.600931
-4127.989333,29378.162684,17417.185615
-4128.989333,28547.311005,17186.208369
-4131.989333,28236.5026,16941.814966
-4131.989333,28591.557336,17207.824617
-4132.989333,28365.975927,17100.78244
-4132.989333,28657.182662,17228.472053
-4133.989333,29138.009187,17355.006053
-4135.989333,28412.520392,17120.470324
-4135.989333,28702.837825,17250.211557
-4136.989333,28828.567145,17249.144715
-4136.989333,29035.110162,17216.818532
-4136.989333,29180.969943,17375.090212
-4137.989333,28784.373821,17243.148876
-4137.989333,28846.732202,17244.345681
-4137.989333,28891.3218,17253.925228
-4137.989333,29224.67024,17386.721378
-4138.989333,28479.184779,17145.467514
-4138.989333,29269.532855,17401.293466
-4139.989333,28954.542979,17245.260208
-4139.989333,28997.697242,17246.906293
-4141.989333,28316.085007,17038.213309
-4141.989333,29061.367701,17257.445391
-4141.989333,29292.620203,17413.250656
-4141.989333,29420.524399,17411.664283
-4142.989333,29336.170739,17418.48045
-4143.989333,29379.721276,17423.710244
-4144.989333,28545.87567,17178.274907
-4145.989333,29087.228966,17294.488542
-4147.989333,28589.725727,17196.307447
-4147.989333,29112.147922,17317.962902
-4148.989333,28258.401125,16943.021031
-4148.989333,28613.975392,17211.205558
-4150.989333,28409.49996,17098.202029
-4150.989333,28679.750478,17238.254367
-4151.989333,28701.25273,17235.876723
-4151.989333,28720.976378,17237.602319
-4152.989333,28845.023849,17231.419679
-4153.989333,28453.499778,17122.635941
-4153.989333,28783.061742,17233.806583
-4153.989333,29177.280221,17344.245667
-4154.989333,28889.736704,17239.590394
-4154.989333,29017.094866,17228.018939
-4154.989333,29199.57502,17349.03544
-4155.989333,28310.836692,17000.844135
-4155.989333,28932.494693,17237.65277
-4155.989333,29246.639015,17370.898202
-4156.989333,28498.908428,17147.193109
-4156.989333,28976.168487,17241.473732
-4156.989333,29059.263074,17240.935681
-4159.989333,29289.450011,17384.580988
-4159.989333,29418.543029,17393.74574
-4160.989333,28522.392049,17162.734008
-4160.989333,29311.74481,17389.370761
-4160.989333,29375.115749,17387.107114
-4161.989333,29396.767761,17391.130843
-4162.989333,28252.756537,16902.068148
-4162.989333,28566.761637,17182.941424
-4163.989333,29462.48984,17402.559242
-4164.989333,29130.383229,17296.134627
-4165.989333,28612.143783,17199.688388
-4166.989333,28406.875803,17079.517442
-4166.989333,29153.743593,17313.084358
-4167.989333,28280.299651,16944.227096
-4167.989333,28700.460182,17228.709306
-4167.989333,28719.541043,17229.668857
-4168.989333,28741.316311,17232.283754
-4169.989333,28843.984787,17227.069926
-4169.989333,29197.347136,17333.934562
-4170.989333,28307.29673,16976.400962
-4170.989333,28473.293677,17107.332295
-4170.989333,28888.028352,17226.664391
-4171.989333,28763.857624,17234.255864
-4171.989333,28804.837011,17236.42148
-4171.989333,28909.284089,17227.104412
-4171.989333,29015.782788,17218.676645
-4171.989333,29057.158448,17224.42597
-4171.989333,29265.173842,17361.872672
-4172.989333,28951.522547,17222.991912
-4174.989333,28245.280339,16849.598095
-4175.989333,28332.09243,17001.284155
-4175.989333,28518.72883,17139.699668
-4175.989333,29309.913201,17377.853591
-4175.989333,29417.477464,17381.585782
-4176.989333,29104.002433,17256.9166
-4177.989333,29375.512023,17390.690823
-4177.989333,29479.0698,17383.425374
-4178.989333,29127.213037,17267.464959
-4179.989333,28378.689901,17036.592449
-4180.989333,28400.984701,17041.382223
-4180.989333,28587.224826,17176.214027
-4181.989333,28630.82837,17197.064231
-4182.989333,28611.227978,17193.929803
-4182.989333,28675.021695,17203.060069
-4183.989333,29172.27842,17304.058828
-4184.989333,28717.559673,17211.750315
-4184.989333,28862.466608,17202.423986
-4185.989333,28823.195574,17213.184372
-4185.989333,29242.799533,17333.652284
-4186.989333,28449.290525,17089.616519
-4186.989333,29033.005536,17200.308822
-4186.989333,29054.23477,17192.938638
-4187.989333,28471.981598,17097.990001
-4187.989333,28780.833859,17218.705704
-4187.989333,28927.519396,17205.276137
-4187.989333,29013.678161,17202.166935
-4188.989333,28908.491541,17219.936995
-4188.989333,28950.333726,17212.240787
-4190.989333,28264.950981,16835.703281
-4191.989333,28517.143734,17125.364834
-4191.989333,29101.351772,17230.421808
-4192.989333,28351.146788,16994.433501
-4192.989333,29330.37639,17371.126195
-4192.989333,29416.684916,17374.418365
-4193.989333,29373.530653,17372.77228
-4193.989333,29458.130826,17363.138448
-4196.989333,28399.276348,17028.456221
-4196.989333,28584.873686,17162.521981
-4196.989333,29148.715288,17265.087315
-4197.989333,28607.961033,17174.479171
-4197.989333,28629.366531,17181.320564
-4198.989333,28423.402757,17044.763164
-4198.989333,29170.024033,17281.147745
-4199.989333,28672.917068,17186.550358
-4199.989333,29193.33139,17282.477067
-4201.989333,28321.199527,16922.962098
-4201.989333,28716.520612,17207.400562
-4201.989333,29240.052118,17316.376529
-4202.989333,28470.000228,17080.071458
-4202.989333,28842.742959,17200.698391
-4203.989333,28779.248763,17204.37087
-4203.989333,28799.588696,17199.052305
-4203.989333,28947.313294,17189.972491
-4203.989333,29011.696791,17184.248392
-4203.989333,29052.279904,17182.830299
-4203.989333,29261.087846,17327.444418
-4204.989333,28905.347853,17199.077531
-4204.989333,28969.21182,17191.178556
-4205.989333,29097.935067,17204.569804
-4206.989333,28514.642833,17105.271415
-4207.989333,29306.100222,17348.417878
-4208.989333,28370.297899,16978.363811
-4208.989333,29329.187569,17360.375069
-4208.989333,29350.170289,17355.822549
-4208.989333,29392.408747,17351.710049
-4209.989333,29456.0262,17346.628738
-4211.989333,28396.775448,17008.362801
-4213.989333,29166.211054,17251.712032
-4214.989333,28607.291742,17165.902922
-4214.989333,28649.706464,17176.002
-4216.989333,29211.866217,17273.451537
-4217.989333,28488.411798,17072.454761
-4217.989333,28714.812259,17194.47456
-4217.989333,28819.778869,17187.332368
-4218.989333,28467.895602,17063.561748
-4218.989333,28776.228332,17182.102574
-4218.989333,28860.361981,17185.914276
-4218.989333,29009.741925,17174.140054
-4218.989333,29257.794397,17300.183582
-4219.989333,28338.818549,16908.177983
-4219.989333,28902.97021,17177.57528
-4219.989333,28945.728199,17175.637657
-4219.989333,29052.006887,17177.837759
-4221.989333,28510.979615,17082.237075
-4222.989333,29303.722578,17326.915627
-4223.989333,29325.497846,17329.530524
-4223.989333,29412.202646,17336.406403
-4225.989333,29369.840931,17341.927735
-4225.989333,29430.887233,17333.782246
-4226.989333,28390.338311,16960.242501
-4226.989333,28558.492891,17123.303954
-4226.989333,29142.128392,17210.565642
-4226.989333,29474.834044,17342.595748
-4227.989333,29162.794348,17225.860028
-4228.989333,28603.232249,17139.284873
-4230.989333,29233.465222,17261.854856
-4231.989333,28670.292911,17167.865771
-4231.989333,29209.365317,17253.358117
-4232.989333,28734.086627,17176.996037
-4233.989333,28462.004499,17025.426529
-4233.989333,28714.019711,17187.307142
-4233.989333,29255.293497,17280.090163
-4234.989333,28840.488572,17177.787307
-4234.989333,28859.815947,17175.929195
-4234.989333,28987.297366,17162.948908
-4234.989333,29027.334444,17151.545734
-4235.989333,28775.312527,17176.343989
-4235.989333,28924.419454,17159.577227
-4235.989333,28944.662634,17163.477699
-4236.989333,28506.770361,17049.217653
-4236.989333,29072.470076,17171.110362
-4238.989333,29323.912751,17315.19569
-4239.989333,28530.650256,17068.342261
-4239.989333,29345.688019,17317.810587
-4239.989333,29409.851506,17322.714357
-4240.989333,29138.711686,17184.713638
-4240.989333,29389.881343,17323.806425
-4242.989333,28410.158713,16952.74906
-4242.989333,28575.935649,17094.308262
-4242.989333,29494.627943,17327.292103
-4243.989333,29161.605527,17215.108902
-4246.989333,29206.591399,17228.272158
-4247.989333,28644.458149,17138.632825
-4248.989333,28667.272479,17145.597475
-4248.989333,28689.813792,17147.569585
-4249.989333,28480.662583,17014.992167
-4249.989333,28730.669922,17151.144033
-4250.989333,28836.552336,17149.760427
-4251.989333,28504.269461,17029.124234
-4251.989333,28752.568447,17152.350098
-4251.989333,29276.522731,17272.719978
-4252.989333,28793.67109,17153.106882
-4252.989333,28898.514443,17147.373523
-4252.989333,28920.139951,17143.587047
-4252.989333,28962.378409,17139.474547
-4252.989333,29026.022365,17142.203441
-4253.989333,29320.742559,17286.526021
-4254.989333,28527.629825,17046.073965
-4254.989333,29408.389667,17306.97069
-4255.989333,29365.085644,17298.923232
-4255.989333,29387.380443,17303.713006
-4257.989333,29114.435517,17162.005322
-4258.989333,28573.311492,17075.623674
-4258.989333,29493.835395,17320.124685
-4259.989333,28427.777735,16937.964945
-4259.989333,29157.51953,17180.680649
-4260.989333,28596.795113,17091.164573
-4262.989333,28642.600037,17119.305451
-4262.989333,29203.051437,17203.828985
-4262.989333,29228.683431,17211.040149
-4264.989333,28686.670104,17126.710121
-4266.989333,28394.017495,16837.057829
-4266.989333,28499.294163,16996.7476
-4266.989333,28834.447709,17133.250716
-4266.989333,28875.550353,17134.0075
-4266.989333,29271.644187,17231.124308
-4267.989333,28771.103274,17143.324568
-4267.989333,28792.605525,17140.946924
-4268.989333,28918.554855,17129.252213
-4268.989333,28961.06633,17130.132254
-4268.989333,29317.29935,17252.863812
-4269.989333,29025.10656,17136.444856
-4269.989333,29067.221762,17133.741188
-4270.989333,28524.732651,17022.396837
-4270.989333,29340.263441,17266.229835
-4271.989333,29382.774916,17267.109876
-4272.989333,29112.330891,17145.495611
-4273.989333,28570.167804,17054.764211
-4273.989333,29448.496995,17278.538275
-4274.989333,29135.541495,17156.04397
-4275.989333,28592.982134,17061.728861
-4275.989333,29491.061477,17295.038726
-4276.989333,28470.042697,16941.66265
-4276.989333,29224.500681,17185.830932
-4277.989333,28639.183331,17093.453446
-4278.989333,28683.253399,17100.858117
-4281.989333,29268.623756,17208.856012
-4282.989333,28747.839663,17117.1558
-4282.989333,28788.942306,17117.912584
-4282.989333,28874.088514,17118.263834
-4283.989333,28834.051435,17129.667007
-4283.989333,28981.626274,17114.18582
-4283.989333,29042.672576,17106.040331
-4283.989333,29313.239858,17226.245764
-4284.989333,28916.599989,17119.143875
-4284.989333,29021.047068,17109.826807
-4284.989333,29357.556439,17230.83277
-4286.989333,28541.955399,17004.029014
-4286.989333,29380.520529,17244.198793
-4287.989333,29422.292463,17253.531826
-4288.989333,29110.226264,17128.985901
-4289.989333,28589.169155,17032.293148
-4289.989333,29488.014542,17264.960225
-4290.989333,29509.42004,17271.801618
-4291.989333,29153.310277,17147.661227
-4291.989333,29176.740891,17147.581717
-4292.989333,28634.727565,17063.251689
-4293.989333,28488.40126,16918.425543
-4293.989333,29242.639234,17173.221694
-4295.989333,28681.272029,17082.939574
-4296.989333,28512.527669,16934.732486
-4296.989333,29288.664168,17190.734702
-4298.989333,28764.542881,17096.6131
-4298.989333,28808.859462,17101.200106
-4298.989333,28870.698312,17100.222034
-4298.989333,29331.844934,17200.190992
-4299.989333,28786.441406,17097.819165
-4300.989333,28892.966608,17097.201603
-4300.989333,28980.041178,17099.850986
-4300.989333,29377.103824,17218.346788
-4301.989333,28956.980334,17095.704
-4301.989333,29020.897307,17103.425434
-4302.989333,28560.833493,16982.966783
-4302.989333,29044.107911,17113.973793
-4302.989333,29418.999015,17226.270989
-4304.989333,28584.836645,17000.682558
-4304.989333,29463.3421,17238.6682
-4304.989333,29484.721094,17237.699389
-4306.989333,28629.752267,17030.875055
-4306.989333,29151.971695,17130.508729
-4308.989333,29195.275718,17138.556187
-4308.989333,29239.469043,17144.552025
-4309.989333,28677.212536,17056.321525
-4310.989333,29263.295931,17148.056224
-4312.989333,28529.750417,16916.364663
-4312.989333,29307.022731,17167.497595
-4313.989333,28742.441588,17073.385253
-4313.989333,29328.94776,17176.513864
-4314.989333,28553.357295,16930.49673
-4314.989333,28784.460036,17079.900622
-4314.989333,28847.461205,17081.863471
-4315.989333,28890.861981,17080.691892
-4315.989333,29373.933632,17189.67712
-4316.989333,28577.360447,16948.212505
-4316.989333,28955.395238,17081.369166
-4316.989333,28977.170507,17083.984063
-4317.989333,29019.188955,17090.499432
-4318.989333,29062.986005,17092.911562
-4318.989333,29416.894388,17209.761279
-4319.989333,29085.157548,17099.110167
-4321.989333,29129.227615,17106.514838
-4322.989333,28648.753618,17008.403992
-4322.989333,29217.491007,17119.915346
-4323.989333,29173.297683,17113.919508
-4326.989333,28546.127611,16875.209013
-4326.989333,28716.853341,17041.334643
-4326.989333,29283.089829,17132.752578
-4328.989333,28571.566098,16900.85825
-4328.989333,28737.466291,17041.008619
-4328.989333,28823.528303,17047.118454
-4329.989333,28780.250783,17046.881201
-4329.989333,28866.955583,17053.75708
-4329.989333,29348.591898,17154.808846
-4330.989333,28597.004585,16926.507487
-4330.989333,29371.036458,17165.999992
-4331.989333,28910.083342,17047.592961
-4332.989333,28975.708668,17068.240397
-4332.989333,28996.568132,17065.096709
-4333.989333,29040.761456,17071.092547
-4334.989333,29082.260373,17075.433039
-4336.989333,28666.44289,16976.590636
-4336.989333,29126.057424,17077.845169
-4337.989333,29169.08843,17080.900087
-4339.989333,28711.481769,17005.374301
-4339.989333,29236.122587,17101.67078
-4341.989333,28797.174011,17015.710632
-4341.989333,29280.315912,17107.666618
-4343.989333,28820.507871,17024.850158
-4343.989333,29302.760471,17118.857764
-4343.989333,29323.126908,17121.349404
-4344.989333,28610.044584,16882.930447
-4344.989333,28864.577939,17032.254829
-4345.989333,28908.101972,17029.674418
-4347.989333,28949.997164,17037.598619
-4347.989333,29015.842499,17047.618186
-4349.989333,28659.089949,16922.711751
-4349.989333,29059.296283,17062.067017
-4350.989333,29081.194808,17063.273082
-4351.989333,28683.735888,16941.193571
-4351.989333,29124.076054,17059.926627
-4352.989333,29166.587529,17060.806667
-4352.989333,29186.557692,17059.714599
-4353.989333,29231.420307,17074.286686
-4354.989333,28725.507822,16950.526604
-4355.989333,29255.370452,17076.382053
-4356.989333,28747.582611,16965.944246
-4357.989333,28815.506071,16984.66332
-4357.989333,29297.934934,17092.882503
-4358.989333,28857.278005,16993.996353
-4361.989333,28968.998514,17015.127556
-4362.989333,28925.941005,17004.262434
-4364.989333,28673.169009,16883.484464
-4364.989333,29011.016962,17021.642925
-4365.989333,29055.879578,17036.215013
-4365.989333,29076.862298,17031.662492
-4367.989333,28718.647909,16891.012391
-4367.989333,29139.467193,17030.041633
-4368.989333,29184.673075,17032.577019
-4369.989333,29227.730585,17043.442142
-4370.989333,28786.774135,16931.753246
-4371.989333,28810.381013,16945.885313
-4372.989333,28833.714873,16955.02484
-4376.989333,28900.202997,16965.810451
-4378.989333,28965.705066,16987.86672
-4379.989333,29010.294664,16997.446267
-4379.989333,29050.358246,16993.853298
-4381.989333,29116.177078,16996.06266
-4381.989333,29136.517011,16990.744096
-4383.989333,29181.10661,17000.323643
-4384.989333,29226.488756,17017.070607
