Bagels & Coffee Corner,Place de Clichy,75017,48.883658, 2.327064
Café beauveau,9 rue de Miromesnil,75008,48.871799, 2.315985
Café Victor,10 boulevard Victor,75015,48.835843, 2.278501
Caves populaires,22 rue des Dames,75017,48.884753, 2.324648
L'Angle,28 rue de Ponthieu,75008,48.871002, 2.30879
L'antre d'eux,16 rue DE MEZIERES,75006,48.850316, 2.330101
l'Eléphant du nil,125 Rue Saint-Antoine,75004,48.855161, 2.360218
L'empreinte,54  avenue Daumesnil,75012,48.845337, 2.379024
L'entrepôt,157 rue Bercy 75012 Paris,75012,48.842146, 2.375986
L'horizon,93  rue de la Roquette,75011,48.857312, 2.379055
La Renaissance,112 Rue Championnet,75018,48.895825, 2.339712
Le Bellerive,71 quai de Seine,75019,48.888165, 2.377387
Le Brio,216  rue Marcadet,75018,48.891864, 2.333628
Le Centenaire,104 rue amelot,75011,48.862575, 2.367427
Le Chat bossu,126  rue du Faubourg Saint Antoine,75012,48.850692, 2.37843
Le Dunois,77 rue Dunois,75013,48.833305, 2.36586
Le Fronton,63 rue de Ponthieu,75008,48.87226, 2.304441
Le Germinal,95 avenue Emile Zola,75015,48.846814, 2.289312
Le Plein soleil,90 avenue Parmentier,75011,48.865707, 2.374382
Le Plomb du cantal,3 rue Gaîté,75014,48.840771, 2.324589
Le Poulailler,60 rue saint-sabin,75011,48.859115, 2.368871
Le Pure café,14 rue Jean Macé,75011,48.853253, 2.383415
Le Saint Jean,23 rue des abbesses,75018,48.884646, 2.337734
Le Tournebride,104 rue Mouffetard,75005,48.841089, 2.349565
Le Village,182 rue de Courcelles,75017,48.88435, 2.297978
le Zango,58 rue Daguerre,75014,48.834972, 2.327007
Le Zinc,61 avenue de la Motte Picquet,75015,48.849497, 2.298855
Les caves populaires,22 rue des Dames,75017,48.884753, 2.324648
maison du vin,52 rue des plantes,75014,48.828704, 2.322074
Ragueneau,202 rue Saint Honoré,75001,48.862655, 2.337607
Trois pièces cuisine,101 rue des dames,75017,48.882939, 2.31809
zic zinc,95 rue claude decaen,75012,48.838769, 2.39609
Assaporare Dix sur Dix,75  avenue Ledru-Rollin,75012,48.850092, 2.37463
Brasserie le Morvan,61 rue du château d'eau,75010,48.872498, 2.355136
Brûlerie San José,30 rue des Petits-Champs,75002,48.866993, 2.336006
Cafe de grenelle,188 rue de Grenelle,75007,48.857658, 2.305613
Café Martin,2 place Martin Nadaud,75001,48.865134, 2.395055
Chez Oscar,11/13 boulevard Beaumarchais,75004,48.854685, 2.368487
Coffee Chope,344Vrue Vaugirard,75015,48.839471, 2.30286
Face Bar,82 rue des archives,75003,48.863038, 2.3604
Invitez vous chez nous,7 rue Epée de Bois,75005,48.841526, 2.351012
L'Inévitable,22 rue Linné,75005,48.845458, 2.354796
L'ingénu,184 bd Voltaire,75011,48.854584, 2.385193
l'orillon bar,35 rue de l'orillon,75011,48.870247, 2.376306
La cantine de Zoé,136 rue du Faubourg poissonnière,75010,48.880669, 2.349964
La cantoche de Paname,40 Boulevard Beaumarchais,75011,48.856584, 2.368574
Le Biz,18 rue Favart,75002,48.871396, 2.338321
Le Bloc,21 avenue Brochant,75017,48.889101, 2.318001
Le Bosquet,46 avenue Bosquet,75007,48.856003, 2.30457
Le Brigadier,12 rue Blanche,75009,48.877599, 2.332111
Le Café d'avant,35 rue Claude Bernard,75005,48.839687, 2.347254
le chateau d'eau,67 rue du Château d'eau,75010,48.872722, 2.354594
Le Couvent,69 rue Broca,75013,48.836919, 2.347003
Le Descartes,1 rue Thouin,75005,48.845047, 2.349583
Le drapeau de la fidelité,21 rue Copreaux,75015,48.841494, 2.307117
Le Felteu,1 rue Pecquay,75004,48.859645, 2.355598
Le petit club,55 rue de la tombe Issoire,75014,48.830151, 2.334213
Le Relais Haussmann,146  boulevard Haussmann,75008,48.875322, 2.312329
Le Sévigné,15 rue du Parc Royal,75003,48.858709, 2.362701
Les Arcades,61 rue de Ponthieu,75008,48.872202, 2.304624
Pause Café,41 rue de Charonne,75011,48.853381, 2.376706
Peperoni,83 avenue de Wagram,75001,48.880239, 2.299493
Waikiki,"10 rue d""Ulm",75005,48.844853, 2.345413
L'anjou,1 rue de Montholon,75009,48.876577, 2.348414
Le sully,13 rue du Faubourg Saint Denis,75010,48.870294, 2.352821
Le Sully,6 Bd henri IV,75004,48.8508, 2.361856
Le Supercoin,3  rue Baudelique,75018,48.892244, 2.346973
American Kitchen,49 rue bichat,75010,48.872746, 2.366392
Aux cadrans,21 ter boulevard Diderot,75012,48.845646, 2.371819
bistrot les timbrés,14 rue d'alleray,75015,48.838137, 2.301166
Bistrot Saint-Antoine,58 rue du Fbg Saint-Antoine,75012,48.85192, 2.373229
Brasiloja,16 rue Ganneron,75018,48.886431, 2.327429
Café Dupont,198 rue de la Convention,75015,48.837212, 2.296046
Café Pistache,9 rue des petits champs,75001,48.866259, 2.338739
Café rallye tournelles,11 Quai de la Tournelle,75005,48.849781, 2.355458
Caprice café,12 avenue Jean Moulin,75014,48.827428, 2.325652
Chai 33,33 Cour Saint Emilion,75012,48.832844, 2.386792
Chez Fafa,44 rue Vinaigriers,75010,48.873227, 2.360787
Chez Luna,108 rue de Ménilmontant,75020,48.869519, 2.39339
Chez Miamophile,6 rue Mélingue,75019,48.874879, 2.386064
Chez Prune,36 rue Beaurepaire,75010,48.871576, 2.364499
Chez Rutabaga,16 rue des Petits Champs,75002,48.866737, 2.33716
Etienne,14 rue Turbigo  Paris,75001,48.863675, 2.348701
Extra old café,307 fg saint Antoine,75011,48.848878, 2.392827
L'Assassin,99 rue Jean-Pierre Timbaud,75011,48.868741, 2.379969
L'avant comptoir,3 carrefour de l'Odéon,75006,48.852053, 2.338779
L'Écir,59 Boulevard Saint-Jacques,75014,48.832825, 2.336116
l'Usine,1 rue d'Avron,75020,48.851463, 2.398691
La Brocante,10 rue Rossini,75009,48.873175, 2.339193
La Caravane,Rue de la Fontaine au Roi,75011,48.868584, 2.373008
le 1 cinq,172 rue de vaugirard,75015,48.842462, 2.310919
Le Café frappé,95 rue Montmartre,75002,48.867948, 2.343582
Le Kleemend's,34 avenue Pierre Mendès-France,75013,48.838521, 2.370478
le lutece,380 rue de vaugirard,75015,48.833146, 2.288834
Le Pareloup,80 Rue Saint-Charles,75015,48.847344, 2.286078
Le Pas Sage,1 Passage du Grand Cerf,75002,48.864655, 2.350089
Le Petit Choiseul,23 rue saint augustin,75002,48.868838, 2.33605
Le Piquet,48 avenue de la Motte Picquet,75015,48.851, 2.300378
Le Zazabar,116 Rue de Ménilmontant,75020,48.869848, 2.394247
Les Vendangeurs,6/8 rue Stanislas,75006,48.844057, 2.328402
Le café des amis,125 rue Blomet,75015,48.839743, 2.296898
Au bon coin,49 rue des Cloys,75018,48.893017, 2.337776
Au panini de la place,47 rue Belgrand,75020,48.864628, 2.408038
Au pays de Vannes,34 bis rue de Wattignies,75012,48.835878, 2.395723
Au Vin Des Rues,21 rue Boulard,75014,48.833863, 2.329046
Botak cafe,1 rue Paul albert,75018,48.886504, 2.34498
Café antoine,17 rue Jean de la Fontaine,75016,48.851662, 2.273883
Café Clochette,16 avenue Richerand,75010,48.872402, 2.366532
Café de la Mairie (du VIII),rue de Lisbonne,75008,48.877631, 2.312705
Café Lea,5 rue Claude Bernard,75005,48.838633, 2.349916
Café Varenne,36 rue de Varenne,75007,48.85413, 2.323539
Drole d'endroit pour une rencontre,58 rue de Montorgueil,75002,48.864957, 2.346938
En attendant l'or,3 rue Faidherbe,75011,48.850836, 2.384069
L'âge d'or,26 rue du Docteur Magnan,75013,48.826494, 2.359987
L'Olive,8 rue L'Olive,75018,48.890605, 2.361349
La Brûlerie des Ternes,111 rue mouffetard,75005,48.840624, 2.349766
La Marine,55 bis quai de valmy,75010,48.870598, 2.365413
La Montagne Sans Geneviève,13 Rue du Pot de Fer,75005,48.842826, 2.34832
La Perle,78 rue vieille du temple,75003,48.859772, 2.360558
Le BB (Bouchon des Batignolles),2 rue Lemercier,75017,48.885367, 2.325325
Le bistrot de Maëlle et Augustin,42 rue coquillère,75001,48.864543, 2.340997
Le Caminito,48 rue du Dessous des Berges,75013,48.826608, 2.374571
Le Comptoir,354 bis rue Vaugirard,75015,48.8357, 2.292961
Le General Beuret,9 Place du General Beuret,75015,48.84167, 2.303053
Le Lucernaire,53 rue Notre-Dame des Champs,75006,48.844244, 2.330407
Le Müller,11 rue Feutrier,75018,48.886536, 2.346525
Le Parc Vaugirard,358 rue de Vaugirard,75015,48.835451, 2.292515
Le pari's café,104 rue caulaincourt,75018,48.889565, 2.339735
Le refuge,72 rue lamarck,75018,48.889982, 2.338933
Le Reynou,2 bis quai de la mégisserie,75001,48.857533, 2.346477
Le Saint René,148 Boulevard de Charonne,75020,48.856496, 2.394874
Les Artisans,106 rue Lecourbe,75015,48.842868, 2.303173
Les Pères Populaires,46 rue de Buzenval,75020,48.851325, 2.40171
Melting Pot,3 rue de Lagny,75020,48.848887, 2.399972
NoMa,39 rue Notre Dame de Nazareth,75003,48.867465, 2.357791
O q de poule,53 rue du ruisseau,75018,48.893517, 2.340271
Petits Freres des Pauvres,47 rue de Batignolles,75017,48.885662, 2.319591
Rivolux,16 rue de Rivoli,75004,48.855711, 2.359491
Au cerceau d'or,129 boulevard sebastopol,75002,48.86805, 2.353313
Café dans l'aerogare Air France Invalides,2 rue Robert Esnault Pelterie,75007,48.862599, 2.315086
Café Pierre,202 rue du faubourg st antoine,75012,48.849861, 2.385342
Café Zen,46 rue Victoire,75009,48.875232, 2.336036
Canopy Café associatif,19 rue Pajol,75018,48.886044, 2.360781
Cardinal Saint-Germain,11 boulevard Saint-Germain,75005,48.849293, 2.354486
Dédé la frite,52 rue Notre-Dame des Victoires,75002,48.869771, 2.342501
Denfert café,58 boulvevard Saint Jacques,75014,48.834157, 2.33381
Epicerie Musicale,55bis quai de Valmy,75010,48.870598, 2.365413
Extérieur Quai,5  rue d'Alsace,75010,48.876737, 2.357601
Institut des Cultures d'Islam,19-23 rue Léon,75018,48.888023, 2.353467
L'Entracte,place de l'opera,75002,48.870287, 2.332491
L'européen,21 Bis Boulevard Diderot,75012,48.845898, 2.372766
La Bauloise,36 rue du hameau,75015,48.834051, 2.287345
La Brasserie Gaité,3 rue de la Gaité,75014,48.840771, 2.324589
La Bricole,52 rue Liebniz,75018,48.896305, 2.332898
La Cagnotte,13 Rue Jean-Baptiste Dumay,75020,48.874607, 2.387738
La Cordonnerie,142 Rue Saint-Denis 75002 Paris,75002,48.86525, 2.350507
La Liberté,196 rue du faubourg saint-antoine,75012,48.850055, 2.383908
La Recoleta au Manoir,229 avenue Gambetta,75020,48.874697, 2.405421
Le bal du pirate,60 rue des bergers,75015,48.842128, 2.280374
Le bar Fleuri,1 rue du Plateau,75019,48.877903, 2.385365
Le Café Livres,10 rue Saint Martin,75004,48.857728, 2.349641
Le café Monde et Médias,Place de la République,75003,48.867092, 2.363288
Le Cap Bourbon,1 rue Louis le Grand,75002,48.868109, 2.331785
Le chantereine,51 Rue Victoire,75009,48.875155, 2.335536
Le Chaumontois,12 rue Armand Carrel,75018,48.88268, 2.38042
Le Dellac,14 rue Rougemont,75009,48.872103, 2.346161
Le Killy Jen,28 bis boulevard Diderot,75012,48.84591, 2.375543
Le Malar,88 rue Saint-Dominique,75007,48.859559, 2.30643
Le Ragueneau,202 rue Saint-Honoré,75001,48.862655, 2.337607
Le relais de la victoire,73 rue de la Victoire,75009,48.875207, 2.332944
le ronsard,place maubert,75005,48.850267, 2.348825
Le Square,31 rue Saint-Dominique,75007,48.859031, 2.320315
les montparnos,65 boulevard Pasteur,75015,48.841007, 2.31466
O'Breizh,27 rue de Penthièvre,75008,48.872677, 2.315276
O'Paris,1 Rue des Envierges,75020,48.871595, 2.385858
Panem,18 rue de Crussol,75011,48.86425, 2.368594
Pari's Café,174 avenue de Clichy,75017,48.892366, 2.317359
Populettes,86 bis rue Riquet,75018,48.890043, 2.362241
Tamm Bara,7 rue Clisson,75013,48.832964, 2.369266
