time;gFx;gFy;gFz;ax;ay;az;wx;wy;wz;P
0.015;0.02;0.00;1.00;0.00;0.01;0.01;0.00;-0.00;0.00;0.00
0.033;0.02;0.00;1.00;-0.00;-0.00;-0.01;0.00;-0.00;0.00;0.00
0.067;0.02;0.00;1.00;-0.00;-0.00;-0.01;0.00;-0.00;0.00;0.00
0.068;0.02;0.00;1.00;-0.00;-0.00;-0.01;0.00;-0.00;0.00;0.00
0.069;0.02;0.00;1.00;-0.00;-0.00;-0.01;0.00;-0.00;0.00;0.00
0.069;0.02;0.00;1.00;-0.00;-0.00;-0.01;0.00;-0.00;0.00;0.00
0.073;0.02;0.00;1.00;-0.00;-0.00;-0.01;0.00;0.00;-0.00;0.00
0.084;0.02;0.00;1.00;0.00;-0.00;0.01;0.00;0.00;-0.00;0.00
0.129;0.02;0.00;1.00;0.00;-0.00;0.01;0.00;0.00;-0.00;0.00
0.13;0.02;0.00;1.00;0.00;-0.00;0.01;0.00;0.00;-0.00;0.00
0.13;0.02;0.00;1.00;0.00;-0.00;0.01;0.00;0.00;-0.00;0.00
0.131;0.02;0.00;1.00;0.00;-0.00;0.01;-0.00;0.00;0.00;0.00
0.141;0.02;0.00;1.00;-0.01;0.00;0.01;-0.00;0.00;0.00;0.00
0.192;0.02;0.00;1.00;-0.01;0.00;0.01;-0.00;0.00;0.00;0.00
0.201;0.02;0.00;1.00;-0.01;0.00;0.01;-0.00;0.00;0.00;0.00
0.201;0.02;0.00;1.00;-0.01;0.00;0.01;-0.00;0.00;0.00;0.00
0.202;0.02;0.00;1.00;-0.01;0.00;0.01;-0.00;0.00;0.00;0.00
0.202;0.02;0.00;1.00;-0.01;0.00;0.01;-0.00;0.00;0.00;0.00
0.203;0.02;0.00;1.00;-0.00;-0.00;0.00;-0.00;0.00;0.00;0.00
0.252;0.02;0.00;1.00;-0.00;-0.00;0.00;0.00;-0.00;0.00;0.00
0.258;0.02;0.00;1.00;-0.00;-0.00;0.00;0.00;-0.00;0.00;0.00
0.259;0.02;0.00;1.00;-0.00;-0.00;0.00;0.00;-0.00;0.00;0.00
0.263;0.02;0.00;1.00;-0.00;-0.00;0.00;0.00;-0.00;0.00;0.00
0.312;0.02;0.00;1.00;-0.00;-0.00;0.00;-0.00;0.00;-0.00;0.00
0.327;0.02;0.00;1.00;0.00;0.00;0.00;-0.00;0.00;-0.00;0.00
0.328;0.02;0.00;1.00;0.00;0.00;0.00;-0.00;0.00;-0.00;0.00
0.328;0.02;0.01;1.00;0.00;0.00;0.00;-0.00;0.00;-0.00;0.00
0.328;0.02;0.00;1.00;0.00;0.00;0.00;-0.00;0.00;-0.00;0.00
0.329;0.02;0.00;1.00;0.00;0.00;0.00;-0.00;0.00;-0.00;0.00
0.373;0.02;0.00;1.00;0.00;0.00;0.00;0.00;0.00;0.00;0.00
0.383;0.02;0.00;1.00;0.00;0.00;0.00;0.00;0.00;0.00;0.00
0.395;0.02;0.00;1.00;0.00;0.00;0.00;0.00;0.00;0.00;0.00
0.396;0.02;0.00;1.00;0.00;0.00;0.00;0.00;0.00;0.00;0.00
0.397;0.02;0.00;1.00;0.00;0.00;0.00;0.00;0.00;0.00;0.00
0.434;0.02;0.00;1.00;0.00;0.00;0.00;0.00;-0.00;-0.00;0.00
0.446;0.02;0.00;1.00;-0.00;0.00;-0.02;0.00;-0.00;-0.00;0.00
0.464;0.02;0.00;1.00;-0.00;0.00;-0.02;0.00;-0.00;-0.00;0.00
0.465;0.02;0.01;1.00;-0.00;0.00;-0.02;0.00;-0.00;-0.00;0.00
0.465;0.02;0.00;1.00;-0.00;0.00;-0.02;0.00;-0.00;-0.00;0.00
0.466;0.02;0.00;1.00;-0.00;0.00;-0.02;0.00;-0.00;-0.00;0.00
0.494;0.02;0.00;1.00;-0.00;0.00;-0.02;0.00;0.00;0.00;0.00
0.504;0.02;0.00;1.00;0.01;0.00;-0.01;0.00;0.00;0.00;0.00
0.534;0.02;0.00;1.00;0.01;0.00;-0.01;0.00;0.00;0.00;0.00
0.535;0.02;0.01;1.00;0.01;0.00;-0.01;0.00;0.00;0.00;0.00
0.535;0.02;0.00;1.00;0.01;0.00;-0.01;0.00;0.00;0.00;0.00
0.554;0.02;0.00;1.00;0.01;0.00;-0.01;-0.00;0.00;-0.00;0.00
0.564;0.02;0.00;1.00;0.00;0.00;-0.00;-0.00;0.00;-0.00;0.00
0.607;0.02;0.00;1.00;0.00;0.00;-0.00;-0.00;0.00;-0.00;0.00
0.609;0.02;0.00;1.00;0.00;0.00;-0.00;-0.00;0.00;-0.00;0.00
0.609;0.02;0.00;1.00;0.00;0.00;-0.00;-0.00;0.00;-0.00;0.00
0.61;0.02;0.00;1.00;0.00;0.00;-0.00;-0.00;0.00;-0.00;0.00
0.614;0.02;0.00;1.00;0.00;0.00;-0.00;-0.00;0.00;0.00;0.00
0.626;0.02;0.00;1.00;-0.00;0.00;-0.00;-0.00;0.00;0.00;0.00
0.656;0.02;0.00;1.00;-0.00;0.00;-0.00;-0.00;0.00;0.00;0.00
0.657;0.02;0.00;1.00;-0.00;0.00;-0.00;-0.00;0.00;0.00;0.00
0.675;0.02;0.00;1.00;-0.00;0.00;-0.00;-0.00;-0.00;0.00;0.00
0.685;0.02;0.00;1.00;-0.00;-0.01;0.01;-0.00;-0.00;0.00;0.00
0.727;0.02;0.00;1.00;-0.00;-0.01;0.01;-0.00;-0.00;0.00;0.00
0.729;0.02;0.00;1.00;-0.00;-0.01;0.01;-0.00;-0.00;0.00;0.00
0.73;0.02;0.01;1.00;-0.00;-0.01;0.01;-0.00;-0.00;0.00;0.00
0.731;0.02;0.00;1.00;-0.00;-0.01;0.01;-0.00;-0.00;0.00;0.00
0.735;0.02;0.00;1.00;-0.00;-0.01;0.01;-0.00;0.00;-0.00;0.00
0.745;0.02;0.00;1.00;-0.00;-0.00;0.01;-0.00;0.00;-0.00;0.00
0.796;0.02;0.00;1.00;-0.00;-0.00;0.01;0.00;0.00;0.00;0.00
0.798;0.02;0.00;1.00;-0.00;-0.00;0.01;0.00;0.00;0.00;0.00
0.798;0.02;0.00;1.00;-0.00;-0.00;0.01;0.00;0.00;0.00;0.00
0.799;0.02;0.00;1.00;-0.00;-0.00;0.01;0.00;0.00;0.00;0.00
0.805;0.02;0.00;1.00;-0.01;0.00;0.00;0.00;0.00;0.00;0.00
0.856;0.02;0.00;1.00;-0.01;0.00;0.00;0.00;0.00;0.00;0.00
0.866;0.02;0.00;1.00;0.00;-0.00;0.01;0.00;0.00;0.00;0.00
0.867;0.02;0.00;1.00;0.00;-0.00;0.01;0.00;0.00;0.00;0.00
0.868;0.02;0.00;1.00;0.00;-0.00;0.01;0.00;0.00;0.00;0.00
0.869;0.02;0.00;1.00;0.00;-0.00;0.01;0.00;0.00;0.00;0.00
0.87;0.02;0.00;1.00;0.00;-0.00;0.01;0.00;0.00;0.00;0.00
0.916;0.02;0.00;1.00;0.00;-0.00;0.01;-0.00;0.00;-0.00;0.00
0.927;0.02;0.00;1.00;-0.00;0.00;0.00;-0.00;0.00;-0.00;0.00
0.938;0.02;0.00;1.00;-0.00;0.00;0.00;-0.00;0.00;-0.00;0.00
0.939;0.02;0.00;1.00;-0.00;0.00;0.00;-0.00;0.00;-0.00;0.00
0.94;0.02;0.00;1.00;-0.00;0.00;0.00;-0.00;0.00;-0.00;0.00
0.977;0.02;0.00;1.00;-0.00;0.00;0.00;0.00;-0.00;-0.00;0.00
0.987;0.02;0.00;1.00;0.00;0.00;0.00;0.00;-0.00;-0.00;0.00
1.008;0.02;0.00;1.00;0.00;0.00;0.00;0.00;-0.00;-0.00;0.00
1.009;0.02;0.00;1.00;0.00;0.00;0.00;0.00;-0.00;-0.00;0.00
1.009;0.02;0.00;1.00;0.00;0.00;0.00;0.00;-0.00;-0.00;0.00
1.01;0.02;0.00;1.00;0.00;0.00;0.00;0.00;-0.00;-0.00;0.00
1.037;0.02;0.00;1.00;0.00;0.00;0.00;-0.00;-0.00;-0.00;0.00
1.048;0.02;0.00;1.00;0.00;0.00;0.00;-0.00;-0.00;-0.00;0.00
1.079;0.02;0.00;1.00;0.00;0.00;0.00;-0.00;-0.00;-0.00;0.00
1.08;0.02;0.00;1.00;0.00;0.00;0.00;-0.00;-0.00;-0.00;0.00
1.081;0.02;0.00;1.00;0.00;0.00;0.00;-0.00;-0.00;-0.00;0.00
1.098;0.02;0.00;1.00;0.00;0.00;0.00;0.00;0.00;0.00;0.00
1.108;0.02;0.00;1.00;-0.00;-0.00;0.00;0.00;0.00;0.00;0.00
1.149;0.02;0.01;1.00;-0.00;-0.00;0.00;0.00;0.00;0.00;0.00
1.15;0.02;0.00;1.00;-0.00;-0.00;0.00;0.00;0.00;0.00;0.00
1.151;0.02;0.00;1.00;-0.00;-0.00;0.00;0.00;0.00;0.00;0.00
1.151;0.02;0.01;1.00;-0.00;-0.00;0.00;0.00;0.00;0.00;0.00
1.157;0.02;0.01;1.00;-0.00;-0.00;0.00;0.00;-0.00;0.00;0.00
1.168;0.02;0.01;1.00;-0.00;-0.00;-0.00;0.00;-0.00;0.00;0.00
1.22;0.02;0.01;1.00;-0.00;-0.00;-0.00;0.00;0.00;0.00;0.00
1.223;0.02;0.00;1.00;-0.00;-0.00;-0.00;0.00;0.00;0.00;0.00
1.225;0.02;0.00;1.00;-0.00;-0.00;-0.00;0.00;0.00;0.00;0.00
1.226;0.02;0.00;1.00;-0.00;-0.00;-0.00;0.00;0.00;0.00;0.00
1.231;0.02;0.00;1.00;-0.01;0.00;0.00;0.00;0.00;0.00;0.00
1.278;0.02;0.00;1.00;-0.01;0.00;0.00;-0.00;0.00;0.00;0.00
1.288;0.02;0.01;1.00;-0.01;0.00;0.00;-0.00;0.00;0.00;0.00
1.289;0.02;0.00;1.00;-0.01;0.00;0.00;-0.00;0.00;0.00;0.00
1.289;0.02;0.00;1.00;-0.01;0.00;0.00;-0.00;0.00;0.00;0.00
1.29;0.02;0.01;1.00;-0.01;0.00;0.00;-0.00;0.00;0.00;0.00
1.29;0.02;0.01;1.00;-0.00;0.01;0.00;-0.00;0.00;0.00;0.00
1.339;0.02;0.01;1.00;-0.00;0.01;0.00;-0.00;0.00;0.00;0.00
1.356;0.02;0.01;1.00;0.00;0.00;-0.00;-0.00;0.00;0.00;0.00
1.361;0.03;0.00;1.00;0.00;0.00;-0.00;-0.00;0.00;0.00;0.00
1.362;0.02;0.00;1.00;0.00;0.00;-0.00;-0.00;0.00;0.00;0.00
1.363;0.02;0.00;1.00;0.00;0.00;-0.00;-0.00;0.00;0.00;0.00
1.399;0.02;0.00;1.00;0.00;0.00;-0.00;-0.00;-0.00;-0.00;0.00
1.409;0.02;0.00;1.00;-0.00;0.00;-0.01;-0.00;-0.00;-0.00;0.00
1.43;0.02;0.01;1.00;-0.00;0.00;-0.01;-0.00;-0.00;-0.00;0.00
1.432;0.02;0.00;1.00;-0.00;0.00;-0.01;-0.00;-0.00;-0.00;0.00
1.433;0.02;0.00;1.00;-0.00;0.00;-0.01;-0.00;-0.00;-0.00;0.00
1.434;0.02;0.01;1.00;-0.00;0.00;-0.01;-0.00;-0.00;-0.00;0.00
1.46;0.02;0.01;1.00;-0.00;0.00;-0.01;0.00;-0.00;-0.00;0.00
1.47;0.02;0.01;1.00;0.00;-0.01;0.01;0.00;-0.00;-0.00;0.00
1.504;0.02;0.00;1.00;0.00;-0.01;0.01;0.00;-0.00;-0.00;0.00
1.505;0.02;0.00;1.00;0.00;-0.01;0.01;0.00;-0.00;-0.00;0.00
1.506;0.02;0.00;1.00;0.00;-0.01;0.01;0.00;-0.00;-0.00;0.00
1.52;0.02;0.00;1.00;0.00;-0.01;0.01;-0.00;-0.00;-0.00;0.00
1.53;0.02;0.00;1.00;-0.00;0.00;0.00;-0.00;-0.00;-0.00;0.00
1.57;0.02;0.01;1.00;-0.00;0.00;0.00;-0.00;-0.00;-0.00;0.00
1.571;0.03;0.00;1.00;-0.00;0.00;0.00;-0.00;-0.00;-0.00;0.00
1.572;0.02;0.00;1.00;-0.00;0.00;0.00;-0.00;-0.00;-0.00;0.00
1.573;0.02;0.00;1.00;-0.00;0.00;0.00;-0.00;-0.00;-0.00;0.00
1.581;0.02;0.00;1.00;-0.00;0.00;0.00;0.00;0.00;0.00;0.00
1.59;0.02;0.00;1.00;0.00;0.00;0.00;0.00;0.00;0.00;0.00
1.64;0.02;0.00;1.00;0.00;0.00;0.00;0.00;0.00;0.00;0.00
1.641;0.02;0.00;1.00;0.00;0.00;0.00;0.00;0.00;0.00;0.00
1.643;0.02;0.00;1.00;0.00;0.00;0.00;0.00;0.00;0.00;0.00
1.643;0.02;0.00;1.00;0.00;0.00;0.00;-0.00;0.00;0.00;0.00
1.65;0.02;0.00;1.00;0.00;-0.00;-0.00;-0.00;0.00;0.00;0.00
1.701;0.02;0.00;1.00;0.00;-0.00;-0.00;-0.00;-0.00;0.00;0.00
1.709;0.02;0.01;1.00;0.00;-0.00;-0.00;-0.00;-0.00;0.00;0.00
1.71;0.02;0.00;1.00;0.00;-0.00;-0.00;-0.00;-0.00;0.00;0.00
1.711;0.02;0.00;1.00;0.00;-0.00;-0.00;-0.00;-0.00;0.00;0.00
1.712;0.02;0.01;1.00;0.00;-0.00;-0.00;-0.00;-0.00;0.00;0.00
1.713;0.02;0.01;1.00;0.00;0.00;-0.01;-0.00;-0.00;0.00;0.00
1.762;0.02;0.01;1.00;0.00;0.00;-0.01;0.00;0.00;-0.00;0.00
1.773;0.02;0.01;1.00;0.00;0.00;-0.01;0.00;0.00;-0.00;0.00
1.779;0.02;0.00;1.00;0.00;0.00;-0.01;0.00;0.00;-0.00;0.00
1.78;0.02;0.00;1.00;0.00;0.00;-0.01;0.00;0.00;-0.00;0.00
1.781;0.02;0.00;1.00;0.00;0.00;-0.01;0.00;0.00;-0.00;0.00
1.821;0.02;0.00;1.00;0.00;0.00;-0.01;0.00;-0.00;0.00;0.00
1.832;0.02;0.00;1.00;0.00;0.00;-0.01;0.00;-0.00;0.00;0.00
1.851;0.02;0.01;1.00;0.00;0.00;-0.01;0.00;-0.00;0.00;0.00
1.853;0.02;0.00;1.00;0.00;0.00;-0.01;0.00;-0.00;0.00;0.00
1.854;0.02;0.00;1.00;0.00;0.00;-0.01;0.00;-0.00;0.00;0.00
1.855;0.02;0.00;1.00;0.00;0.00;-0.01;0.00;-0.00;0.00;0.00
1.886;0.02;0.00;1.00;0.00;0.00;-0.01;-0.00;-0.00;0.00;0.00
1.892;0.02;0.00;1.00;-0.00;-0.00;0.00;-0.00;-0.00;0.00;0.00
1.918;0.02;0.00;1.00;-0.00;-0.00;0.00;-0.00;-0.00;0.00;0.00
1.919;0.02;0.00;1.00;-0.00;-0.00;0.00;-0.00;-0.00;0.00;0.00
1.919;0.02;0.00;1.00;-0.00;-0.00;0.00;-0.00;-0.00;0.00;0.00
1.944;0.02;0.00;1.00;-0.00;-0.00;0.00;0.00;-0.00;-0.00;0.00
1.953;0.02;0.00;1.00;0.00;-0.00;0.01;0.00;-0.00;-0.00;0.00
1.989;0.02;0.00;1.00;0.00;-0.00;0.01;0.00;-0.00;-0.00;0.00
1.99;0.02;0.01;1.00;0.00;-0.00;0.01;0.00;-0.00;-0.00;0.00
1.991;0.03;0.00;1.00;0.00;-0.00;0.01;0.00;-0.00;-0.00;0.00
2.005;0.03;0.00;1.00;0.00;-0.00;0.01;0.00;-0.00;-0.00;0.00
2.014;0.03;0.00;1.00;-0.00;0.00;-0.00;0.00;-0.00;-0.00;0.00
2.059;0.03;0.01;1.00;-0.00;0.00;-0.00;0.00;-0.00;-0.00;0.00
2.06;0.02;0.01;1.00;-0.00;0.00;-0.00;0.00;-0.00;-0.00;0.00
2.06;0.02;0.00;1.00;-0.00;0.00;-0.00;0.00;-0.00;-0.00;0.00
2.061;0.03;0.00;1.00;-0.00;0.00;-0.00;0.00;-0.00;-0.00;0.00
2.063;0.03;0.00;1.00;-0.00;0.00;-0.00;0.00;-0.00;-0.00;0.00
2.074;0.03;0.00;1.00;0.00;0.00;-0.00;0.00;-0.00;-0.00;0.00
2.125;0.03;0.00;1.00;0.00;0.00;-0.00;0.00;-0.00;0.00;0.00
2.129;0.02;0.00;1.00;0.00;0.00;-0.00;0.00;-0.00;0.00;0.00
2.129;0.02;0.00;1.00;0.00;0.00;-0.00;0.00;-0.00;0.00;0.00
2.13;0.02;0.00;1.00;0.00;0.00;-0.00;0.00;-0.00;0.00;0.00
2.14;0.02;0.00;1.00;-0.00;-0.01;-0.01;0.00;-0.00;0.00;0.00
2.184;0.02;0.00;1.00;-0.00;-0.01;-0.01;-0.00;0.00;0.00;0.00
2.194;0.02;0.00;1.00;-0.00;-0.00;-0.01;-0.00;0.00;0.00;0.00
2.195;0.03;0.01;1.00;-0.00;-0.00;-0.01;-0.00;0.00;0.00;0.00
2.196;0.02;0.00;1.00;-0.00;-0.00;-0.01;-0.00;0.00;0.00;0.00
2.197;0.02;0.00;1.00;-0.00;-0.00;-0.01;-0.00;0.00;0.00;0.00
2.198;0.03;0.00;1.00;-0.00;-0.00;-0.01;-0.00;0.00;0.00;0.00
2.245;0.03;0.00;1.00;-0.00;-0.00;-0.01;0.00;-0.00;0.00;0.00
2.259;0.03;0.00;1.00;0.00;-0.00;-0.00;0.00;-0.00;0.00;0.00
2.272;0.02;0.01;1.00;0.00;-0.00;-0.00;0.00;-0.00;0.00;0.00
2.273;0.02;0.00;1.00;0.00;-0.00;-0.00;0.00;-0.00;0.00;0.00
2.273;0.02;0.00;1.00;0.00;-0.00;-0.00;0.00;-0.00;0.00;0.00
2.305;0.02;0.00;1.00;0.00;-0.00;-0.00;-0.00;0.00;-0.00;0.00
2.317;0.02;0.00;1.00;0.00;0.00;-0.00;-0.00;0.00;-0.00;0.00
2.338;0.02;0.00;1.00;0.00;0.00;-0.00;-0.00;0.00;-0.00;0.00
2.339;0.03;0.01;1.00;0.00;0.00;-0.00;-0.00;0.00;-0.00;0.00
2.34;0.02;0.00;1.00;0.00;0.00;-0.00;-0.00;0.00;-0.00;0.00
2.341;0.02;0.00;1.00;0.00;0.00;-0.00;-0.00;0.00;-0.00;0.00
2.365;0.02;0.00;1.00;0.00;0.00;-0.00;0.00;0.00;-0.00;0.00
2.376;0.02;0.00;1.00;0.00;-0.01;0.01;0.00;0.00;-0.00;0.00
2.41;0.03;0.01;1.00;0.00;-0.01;0.01;0.00;0.00;-0.00;0.00
2.411;0.02;0.01;1.00;0.00;-0.01;0.01;0.00;0.00;-0.00;0.00
2.412;0.03;0.00;1.00;0.00;-0.01;0.01;0.00;0.00;-0.00;0.00
2.425;0.03;0.00;1.00;0.00;-0.01;0.01;0.00;-0.00;-0.00;0.00
2.435;0.03;0.00;1.00;0.01;-0.00;0.00;0.00;-0.00;-0.00;0.00
2.478;0.02;0.00;1.00;0.01;-0.00;0.00;0.00;-0.00;-0.00;0.00
2.48;0.02;0.00;1.00;0.01;-0.00;0.00;0.00;-0.00;-0.00;0.00
2.48;0.02;0.00;1.00;0.01;-0.00;0.00;0.00;-0.00;-0.00;0.00
2.481;0.02;0.00;1.00;0.01;-0.00;0.00;0.00;-0.00;-0.00;0.00
2.486;0.02;0.00;1.00;0.01;-0.00;0.00;-0.00;0.00;0.00;0.00
2.496;0.02;0.00;1.00;-0.01;-0.00;-0.00;-0.00;0.00;0.00;0.00
2.547;0.02;0.00;1.00;-0.01;-0.00;-0.00;0.00;0.00;0.00;0.00
2.549;0.02;0.00;1.00;-0.01;-0.00;-0.00;0.00;0.00;0.00;0.00
2.55;0.02;0.00;1.00;-0.01;-0.00;-0.00;0.00;0.00;0.00;0.00
2.551;0.02;0.00;1.00;-0.01;-0.00;-0.00;0.00;0.00;0.00;0.00
2.556;0.02;0.00;1.00;-0.00;-0.00;0.01;0.00;0.00;0.00;0.00
2.607;0.02;0.00;1.00;-0.00;-0.00;0.01;0.00;-0.00;-0.00;0.00
2.62;0.02;0.00;1.00;-0.00;-0.00;0.01;0.00;-0.00;-0.00;0.00
2.621;0.02;0.00;1.00;-0.00;-0.00;0.01;0.00;-0.00;-0.00;0.00
2.622;0.03;0.01;1.00;-0.00;-0.00;0.01;0.00;-0.00;-0.00;0.00
2.623;0.02;0.00;1.00;-0.00;-0.00;0.01;0.00;-0.00;-0.00;0.00
2.624;0.02;0.00;1.00;-0.00;-0.00;0.01;0.00;-0.00;-0.00;0.00
2.667;0.02;0.00;1.00;-0.00;-0.00;0.01;0.00;-0.00;0.00;0.00
2.677;0.02;0.00;1.00;0.01;0.00;-0.00;0.00;-0.00;0.00;0.00
2.689;0.02;0.00;1.00;0.01;0.00;-0.00;0.00;-0.00;0.00;0.00
2.69;0.02;0.00;1.00;0.01;0.00;-0.00;0.00;-0.00;0.00;0.00
2.691;0.02;0.01;1.00;0.01;0.00;-0.00;0.00;-0.00;0.00;0.00
2.727;0.02;0.01;1.00;0.01;0.00;-0.00;0.00;-0.00;-0.00;0.00
2.738;0.02;0.01;1.00;0.00;0.00;-0.00;0.00;-0.00;-0.00;0.00
2.762;0.03;0.00;1.00;0.00;0.00;-0.00;0.00;-0.00;-0.00;0.00
2.763;0.02;0.00;1.00;0.00;0.00;-0.00;0.00;-0.00;-0.00;0.00
2.764;0.03;0.00;1.00;0.00;0.00;-0.00;0.00;-0.00;-0.00;0.00
2.764;0.03;0.00;1.00;0.00;0.00;-0.00;0.00;-0.00;-0.00;0.00
2.789;0.03;0.00;1.00;0.00;0.00;-0.00;-0.00;-0.00;0.00;0.00
2.797;0.03;0.00;1.00;0.01;-0.00;0.00;-0.00;-0.00;0.00;0.00
2.828;0.02;0.00;1.00;0.01;-0.00;0.00;-0.00;-0.00;0.00;0.00
2.83;0.02;0.00;1.00;0.01;-0.00;0.00;-0.00;-0.00;0.00;0.00
2.831;0.02;0.00;1.00;0.01;-0.00;0.00;-0.00;-0.00;0.00;0.00
2.848;0.02;0.00;1.00;0.01;-0.00;0.00;0.00;-0.00;0.00;0.00
2.858;0.02;0.00;1.00;-0.00;-0.00;-0.02;0.00;-0.00;0.00;0.00
2.9;0.02;0.00;1.00;-0.00;-0.00;-0.02;0.00;-0.00;0.00;0.00
2.902;0.02;0.00;1.00;-0.00;-0.00;-0.02;0.00;-0.00;0.00;0.00
2.903;0.02;0.00;1.00;-0.00;-0.00;-0.02;0.00;-0.00;0.00;0.00
2.904;0.02;0.00;1.00;-0.00;-0.00;-0.02;0.00;-0.00;0.00;0.00
2.908;0.02;0.00;1.00;-0.00;-0.00;-0.02;-0.00;-0.00;0.00;0.00
2.921;0.02;0.00;1.00;0.00;-0.00;0.01;-0.00;-0.00;0.00;0.00
2.968;0.02;0.00;1.00;0.00;-0.00;0.01;-0.00;-0.00;0.00;0.00
2.97;0.02;0.01;1.00;0.00;-0.00;0.01;-0.00;-0.00;0.00;0.00
2.971;0.02;0.00;1.00;0.00;-0.00;0.01;-0.00;-0.00;0.00;0.00
2.972;0.02;0.00;1.00;0.00;-0.00;0.01;-0.00;-0.00;0.00;0.00
2.979;0.02;0.00;1.00;0.00;0.00;0.01;-0.00;-0.00;0.00;0.00
3.029;0.02;0.00;1.00;0.00;0.00;0.01;0.00;0.00;0.00;0.00
3.039;0.02;0.00;1.00;0.00;0.00;0.01;0.00;0.00;0.00;0.00
3.04;0.02;0.00;1.00;0.00;0.00;0.01;0.00;0.00;0.00;0.00
3.04;0.02;0.00;1.00;0.00;0.00;0.01;0.00;0.00;0.00;0.00
3.041;0.02;0.00;1.00;0.00;0.00;0.01;0.00;0.00;0.00;0.00
3.041;0.02;0.00;1.00;-0.00;-0.01;0.00;0.00;0.00;0.00;0.00
3.09;0.02;0.00;1.00;-0.00;-0.01;0.00;0.00;0.00;0.00;0.00
3.099;0.02;0.00;1.00;-0.00;0.00;-0.02;0.00;0.00;0.00;0.00
3.108;0.02;0.00;1.00;-0.00;0.00;-0.02;0.00;0.00;0.00;0.00
3.109;0.02;0.00;1.00;-0.00;0.00;-0.02;0.00;0.00;0.00;0.00
3.11;0.02;0.00;1.00;-0.00;0.00;-0.02;0.00;0.00;0.00;0.00
3.15;0.02;0.00;1.00;-0.00;0.00;-0.02;-0.00;0.00;0.00;0.00
3.16;0.02;0.00;1.00;0.00;0.00;0.01;-0.00;0.00;0.00;0.00
3.179;0.02;0.01;1.00;0.00;0.00;0.01;-0.00;0.00;0.00;0.00
3.179;0.02;0.00;1.00;0.00;0.00;0.01;-0.00;0.00;0.00;0.00
3.18;0.02;0.00;1.00;0.00;0.00;0.01;-0.00;0.00;0.00;0.00
3.18;0.02;0.01;1.00;0.00;0.00;0.01;-0.00;0.00;0.00;0.00
3.21;0.02;0.01;1.00;0.00;0.00;0.01;0.00;-0.00;0.00;0.00
3.221;0.02;0.01;1.00;-0.00;0.01;0.00;0.00;-0.00;0.00;0.00
3.247;0.02;0.00;1.00;-0.00;0.01;0.00;0.00;-0.00;0.00;0.00
3.248;0.02;0.01;1.00;-0.00;0.01;0.00;0.00;-0.00;0.00;0.00
3.248;0.04;0.05;1.00;-0.00;0.01;0.00;0.00;-0.00;0.00;0.00
3.276;0.04;0.05;1.00;-0.00;0.01;0.00;-0.00;-0.00;-0.05;0.00
3.281;0.04;0.05;1.00;0.32;1.39;-0.01;-0.00;-0.00;-0.05;0.00
3.319;0.07;0.20;0.99;0.32;1.39;-0.01;-0.00;-0.00;-0.05;0.00
3.32;0.07;0.23;1.00;0.32;1.39;-0.01;-0.00;-0.00;-0.05;0.00
3.32;0.08;0.35;1.00;0.32;1.39;-0.01;-0.00;-0.00;-0.05;0.00
3.321;0.08;0.39;1.00;0.32;1.39;-0.01;-0.00;-0.00;-0.05;0.00
3.33;0.08;0.39;1.00;0.32;1.39;-0.01;-0.01;0.00;-0.09;0.00
3.341;0.08;0.39;1.00;0.57;3.81;-0.01;-0.01;0.00;-0.09;0.00
3.391;0.09;0.44;1.00;0.57;3.81;-0.01;-0.01;0.00;-0.09;0.00
3.393;0.07;0.51;1.00;0.57;3.81;-0.01;-0.01;0.00;-0.09;0.00
3.394;0.05;0.53;0.99;0.57;3.81;-0.01;-0.01;0.00;-0.09;0.00
3.394;0.05;0.53;0.99;0.57;3.81;-0.01;-0.03;0.01;-0.01;0.00
3.402;0.05;0.53;0.99;0.56;3.76;-0.01;-0.03;0.01;-0.01;0.00
3.452;0.05;0.53;0.99;0.56;3.76;-0.01;-0.04;-0.03;0.29;0.00
3.463;0.06;0.50;1.00;0.56;3.76;-0.01;-0.04;-0.03;0.29;0.00
3.464;0.09;0.42;1.00;0.56;3.76;-0.01;-0.04;-0.03;0.29;0.00
3.465;0.10;0.32;0.97;0.56;3.76;-0.01;-0.04;-0.03;0.29;0.00
3.466;0.09;0.18;1.00;0.56;3.76;-0.01;-0.04;-0.03;0.29;0.00
3.466;0.09;0.18;1.00;0.31;4.73;-0.02;-0.04;-0.03;0.29;0.00
3.512;0.09;0.18;1.00;0.31;4.73;-0.02;-0.12;-0.05;0.08;0.00
3.523;0.09;0.18;1.00;0.54;2.47;-0.13;-0.12;-0.05;0.08;0.00
3.527;0.06;0.25;0.98;0.54;2.47;-0.13;-0.12;-0.05;0.08;0.00
3.528;0.02;0.15;0.95;0.54;2.47;-0.13;-0.12;-0.05;0.08;0.00
3.529;0.00;-0.12;1.02;0.54;2.47;-0.13;-0.12;-0.05;0.08;0.00
3.573;0.00;-0.12;1.02;0.54;2.47;-0.13;-0.09;-0.05;-0.19;0.00
3.583;0.00;-0.12;1.02;-0.07;-0.48;-0.09;-0.09;-0.05;-0.19;0.00
3.603;0.06;-0.21;0.99;-0.07;-0.48;-0.09;-0.09;-0.05;-0.19;0.00
3.604;-0.05;-0.28;1.00;-0.07;-0.48;-0.09;-0.09;-0.05;-0.19;0.00
3.605;-0.02;-0.31;0.99;-0.07;-0.48;-0.09;-0.09;-0.05;-0.19;0.00
3.606;-0.02;-0.49;1.00;-0.07;-0.48;-0.09;-0.09;-0.05;-0.19;0.00
3.635;-0.02;-0.49;1.00;-0.07;-0.48;-0.09;-0.04;0.02;0.00;0.00
3.644;-0.02;-0.42;1.01;-0.07;-0.48;-0.09;-0.04;0.02;0.00;0.00
3.645;-0.07;-0.49;0.99;-0.07;-0.48;-0.09;-0.04;0.02;0.00;0.00
3.645;-0.07;-0.49;0.99;-0.60;-3.60;0.01;-0.04;0.02;0.00;0.00
3.693;-0.07;-0.49;0.99;-0.60;-3.60;0.01;-0.01;-0.01;0.20;0.00
3.706;-0.07;-0.49;0.99;-0.58;-4.88;0.05;-0.01;-0.01;0.20;0.00
3.717;0.00;-0.56;1.01;-0.58;-4.88;0.05;-0.01;-0.01;0.20;0.00
3.718;0.01;-0.55;0.99;-0.58;-4.88;0.05;-0.01;-0.01;0.20;0.00
3.719;-0.03;-0.53;0.99;-0.58;-4.88;0.05;-0.01;-0.01;0.20;0.00
3.754;-0.03;-0.53;0.99;-0.58;-4.88;0.05;-0.01;0.02;-0.03;0.00
3.764;-0.03;-0.53;0.99;-0.89;-4.34;-0.00;-0.01;0.02;-0.03;0.00
3.788;-0.09;-0.42;0.99;-0.89;-4.34;-0.00;-0.01;0.02;-0.03;0.00
3.789;-0.08;-0.27;1.00;-0.89;-4.34;-0.00;-0.01;0.02;-0.03;0.00
3.79;0.03;-0.02;1.00;-0.89;-4.34;-0.00;-0.01;0.02;-0.03;0.00
3.791;0.03;-0.00;1.00;-0.89;-4.34;-0.00;-0.01;0.02;-0.03;0.00
3.813;0.03;-0.00;1.00;-0.89;-4.34;-0.00;0.00;-0.01;-0.00;0.00
3.825;0.03;-0.00;1.00;-0.01;-0.07;0.01;0.00;-0.01;-0.00;0.00
3.857;0.04;-0.00;1.00;-0.01;-0.07;0.01;0.00;-0.01;-0.00;0.00
3.859;0.03;-0.03;1.00;-0.01;-0.07;0.01;0.00;-0.01;-0.00;0.00
3.859;0.02;-0.02;1.00;-0.01;-0.07;0.01;0.00;-0.01;-0.00;0.00
3.874;0.02;-0.02;1.00;-0.01;-0.07;0.01;-0.00;0.00;0.00;0.00
3.885;0.02;-0.02;1.00;-0.01;-0.04;0.00;-0.00;0.00;0.00;0.00
3.926;0.03;-0.00;1.00;-0.01;-0.04;0.00;-0.00;0.00;0.00;0.00
3.927;0.03;-0.02;1.00;-0.01;-0.04;0.00;-0.00;0.00;0.00;0.00
3.927;0.02;-0.03;1.00;-0.01;-0.04;0.00;-0.00;0.00;0.00;0.00
3.928;0.03;-0.01;1.00;-0.01;-0.04;0.00;-0.00;0.00;0.00;0.00
3.934;0.03;-0.01;1.00;-0.01;-0.04;0.00;-0.00;0.00;-0.00;0.00
3.944;0.03;-0.01;1.00;-0.02;-0.04;0.00;-0.00;0.00;-0.00;0.00
3.995;0.03;-0.01;1.00;-0.02;-0.04;0.00;-0.00;0.01;0.00;0.00
3.997;0.03;-0.01;1.00;-0.02;-0.04;0.00;-0.00;0.01;0.00;0.00
3.998;0.03;-0.02;1.00;-0.02;-0.04;0.00;-0.00;0.01;0.00;0.00
3.999;0.03;-0.02;1.00;-0.02;-0.04;0.00;-0.00;0.01;0.00;0.00
4.008;0.03;-0.02;1.00;-0.00;-0.04;0.00;-0.00;0.01;0.00;0.00
4.055;0.03;-0.02;1.00;-0.00;-0.04;0.00;-0.00;0.00;0.00;0.00
4.066;0.03;-0.02;1.00;-0.01;-0.03;0.01;-0.00;0.00;0.00;0.00
4.068;0.03;-0.01;1.00;-0.01;-0.03;0.01;-0.00;0.00;0.00;0.00
4.069;0.03;-0.02;1.00;-0.01;-0.03;0.01;-0.00;0.00;0.00;0.00
4.069;0.03;-0.02;1.00;-0.01;-0.03;0.01;-0.00;0.00;0.00;0.00
4.07;0.03;-0.01;1.00;-0.01;-0.03;0.01;-0.00;0.00;0.00;0.00
4.116;0.03;-0.01;1.00;-0.01;-0.03;0.01;0.00;-0.00;-0.00;0.00
4.126;0.03;-0.01;1.00;-0.01;-0.03;-0.00;0.00;-0.00;-0.00;0.00
4.138;0.03;-0.01;1.00;-0.01;-0.03;-0.00;0.00;-0.00;-0.00;0.00
4.139;0.03;-0.02;1.00;-0.01;-0.03;-0.00;0.00;-0.00;-0.00;0.00
4.14;0.03;-0.02;1.00;-0.01;-0.03;-0.00;0.00;-0.00;-0.00;0.00
4.177;0.03;-0.02;1.00;-0.01;-0.03;-0.00;-0.00;0.00;0.00;0.00
4.187;0.03;-0.02;1.00;-0.00;-0.03;-0.00;-0.00;0.00;0.00;0.00
4.208;0.03;-0.01;1.00;-0.00;-0.03;-0.00;-0.00;0.00;0.00;0.00
4.208;0.03;-0.02;1.00;-0.00;-0.03;-0.00;-0.00;0.00;0.00;0.00
4.209;0.03;-0.02;1.00;-0.00;-0.03;-0.00;-0.00;0.00;0.00;0.00
4.209;0.03;-0.01;1.00;-0.00;-0.03;-0.00;-0.00;0.00;0.00;0.00
4.237;0.03;-0.01;1.00;-0.00;-0.03;-0.00;0.00;-0.00;0.00;0.00
4.247;0.03;-0.01;1.00;-0.00;-0.01;-0.00;0.00;-0.00;0.00;0.00
4.28;0.03;-0.01;1.00;-0.00;-0.01;-0.00;0.00;-0.00;0.00;0.00
4.282;0.03;-0.02;1.00;-0.00;-0.01;-0.00;0.00;-0.00;0.00;0.00
4.283;0.03;-0.02;1.00;-0.00;-0.01;-0.00;0.00;-0.00;0.00;0.00
4.297;0.03;-0.02;1.00;-0.00;-0.01;-0.00;-0.00;-0.00;-0.00;0.00
4.31;0.03;-0.02;1.00;-0.00;-0.02;0.00;-0.00;-0.00;-0.00;0.00
4.348;0.03;-0.01;1.00;-0.00;-0.02;0.00;-0.00;-0.00;-0.00;0.00
4.35;0.03;-0.02;1.00;-0.00;-0.02;0.00;-0.00;-0.00;-0.00;0.00
4.35;0.03;-0.02;1.00;-0.00;-0.02;0.00;-0.00;-0.00;-0.00;0.00
4.351;0.03;-0.01;1.00;-0.00;-0.02;0.00;-0.00;-0.00;-0.00;0.00
4.359;0.03;-0.01;1.00;-0.00;-0.02;0.00;-0.00;0.00;-0.00;0.00
4.367;0.03;-0.01;1.00;0.00;-0.01;-0.01;-0.00;0.00;-0.00;0.00
4.422;0.03;-0.01;1.00;0.00;-0.01;-0.01;-0.00;0.00;0.00;0.00
4.424;0.03;-0.01;1.00;0.00;-0.01;-0.01;-0.00;0.00;0.00;0.00
4.425;0.03;-0.02;1.00;0.00;-0.01;-0.01;-0.00;0.00;0.00;0.00
4.426;0.03;-0.02;1.00;0.00;-0.01;-0.01;-0.00;0.00;0.00;0.00
4.434;0.03;-0.02;1.00;-0.00;-0.01;0.01;-0.00;0.00;0.00;0.00
4.478;0.03;-0.02;1.00;-0.00;-0.01;0.01;-0.00;-0.00;0.00;0.00
4.487;0.03;-0.01;1.00;-0.00;-0.01;0.01;-0.00;-0.00;0.00;0.00
4.487;0.03;-0.02;1.00;-0.00;-0.01;0.01;-0.00;-0.00;0.00;0.00
4.488;0.03;-0.02;1.00;-0.00;-0.01;0.01;-0.00;-0.00;0.00;0.00
4.488;0.03;-0.01;1.00;-0.00;-0.01;0.01;-0.00;-0.00;0.00;0.00
4.489;0.03;-0.01;1.00;-0.00;-0.02;-0.01;-0.00;-0.00;0.00;0.00
4.538;0.03;-0.01;1.00;-0.00;-0.02;-0.01;-0.00;0.00;-0.00;0.00
4.548;0.03;-0.01;1.00;-0.00;-0.01;0.00;-0.00;0.00;-0.00;0.00
4.555;0.03;-0.02;1.00;-0.00;-0.01;0.00;-0.00;0.00;-0.00;0.00
4.556;0.03;-0.02;1.00;-0.00;-0.01;0.00;-0.00;0.00;-0.00;0.00
4.557;0.03;-0.02;1.00;-0.00;-0.01;0.00;-0.00;0.00;-0.00;0.00
4.598;0.03;-0.02;1.00;-0.00;-0.01;0.00;-0.00;0.00;0.00;0.00
4.609;0.03;-0.02;1.00;-0.01;-0.01;0.00;-0.00;0.00;0.00;0.00
4.63;0.03;-0.01;1.00;-0.01;-0.01;0.00;-0.00;0.00;0.00;0.00
4.632;0.02;-0.02;1.00;-0.01;-0.01;0.00;-0.00;0.00;0.00;0.00
4.633;0.03;-0.01;1.00;-0.01;-0.01;0.00;-0.00;0.00;0.00;0.00
4.634;0.03;-0.01;1.00;-0.01;-0.01;0.00;-0.00;0.00;0.00;0.00
4.659;0.03;-0.01;1.00;-0.01;-0.01;0.00;-0.00;0.00;0.00;0.00
4.669;0.03;-0.01;1.00;0.00;-0.01;-0.00;-0.00;0.00;0.00;0.00
4.698;0.03;-0.02;1.00;0.00;-0.01;-0.00;-0.00;0.00;0.00;0.00
4.699;0.03;-0.02;1.00;0.00;-0.01;-0.00;-0.00;0.00;0.00;0.00
4.7;0.03;-0.02;1.00;0.00;-0.01;-0.00;-0.00;0.00;0.00;0.00
4.719;0.03;-0.02;1.00;0.00;-0.01;-0.00;0.00;-0.00;-0.00;0.00
4.732;0.03;-0.02;1.00;0.00;-0.01;0.01;0.00;-0.00;-0.00;0.00
4.768;0.03;-0.01;1.00;0.00;-0.01;0.01;0.00;-0.00;-0.00;0.00
4.77;0.03;-0.02;1.00;0.00;-0.01;0.01;0.00;-0.00;-0.00;0.00
4.771;0.03;-0.02;1.00;0.00;-0.01;0.01;0.00;-0.00;-0.00;0.00
4.771;0.03;-0.01;1.00;0.00;-0.01;0.01;0.00;-0.00;-0.00;0.00
4.78;0.03;-0.01;1.00;0.00;-0.01;0.01;-0.00;0.00;0.00;0.00
4.79;0.03;-0.01;1.00;-0.01;-0.00;0.00;-0.00;0.00;0.00;0.00
4.839;0.03;-0.02;1.00;-0.01;-0.00;0.00;-0.00;0.00;0.00;0.00
4.84;0.03;-0.01;1.00;-0.01;-0.00;0.00;-0.00;0.00;0.00;0.00
4.843;0.03;-0.01;1.00;-0.01;-0.00;0.00;-0.00;0.00;0.00;0.00
4.844;0.03;-0.01;1.00;-0.01;-0.00;0.00;0.00;-0.00;-0.00;0.00
4.854;0.03;-0.01;1.00;-0.01;0.00;-0.01;0.00;-0.00;-0.00;0.00
4.9;0.03;-0.01;1.00;-0.01;0.00;-0.01;0.00;-0.01;0.00;0.00
4.909;0.03;-0.01;1.00;-0.01;0.00;-0.01;0.00;-0.01;0.00;0.00
4.91;0.03;-0.02;1.00;-0.01;0.00;-0.01;0.00;-0.01;0.00;0.00
4.911;0.03;-0.01;1.00;-0.01;0.00;-0.01;0.00;-0.01;0.00;0.00
4.912;0.03;-0.01;1.00;-0.01;0.00;-0.01;0.00;-0.01;0.00;0.00
4.913;0.03;-0.01;1.00;-0.01;0.00;-0.00;0.00;-0.01;0.00;0.00
4.961;0.03;-0.01;1.00;-0.01;0.00;-0.00;0.00;0.00;-0.00;0.00
4.972;0.03;-0.01;1.00;-0.00;0.00;-0.00;0.00;0.00;-0.00;0.00
4.982;0.03;-0.02;1.00;-0.00;0.00;-0.00;0.00;0.00;-0.00;0.00
4.984;0.03;-0.02;1.00;-0.00;0.00;-0.00;0.00;0.00;-0.00;0.00
4.986;0.03;-0.02;1.00;-0.00;0.00;-0.00;0.00;0.00;-0.00;0.00
5.023;0.03;-0.02;1.00;-0.00;0.00;-0.00;0.00;-0.00;0.00;0.00
5.031;0.03;-0.02;1.00;-0.00;-0.02;0.00;0.00;-0.00;0.00;0.00
5.048;0.03;-0.01;1.00;-0.00;-0.02;0.00;0.00;-0.00;0.00;0.00
5.05;0.03;-0.02;1.00;-0.00;-0.02;0.00;0.00;-0.00;0.00;0.00
5.05;0.03;-0.02;1.00;-0.00;-0.02;0.00;0.00;-0.00;0.00;0.00
5.082;0.03;-0.02;1.00;-0.00;-0.02;0.00;0.00;0.00;-0.00;0.00
5.092;0.03;-0.02;1.00;-0.00;-0.00;0.00;0.00;0.00;-0.00;0.00
5.121;0.03;-0.01;1.00;-0.00;-0.00;0.00;0.00;0.00;-0.00;0.00
5.122;0.03;-0.01;1.00;-0.00;-0.00;0.00;0.00;0.00;-0.00;0.00
5.123;0.03;-0.02;1.00;-0.00;-0.00;0.00;0.00;0.00;-0.00;0.00
5.125;0.03;-0.01;1.00;-0.00;-0.00;0.00;0.00;0.00;-0.00;0.00
5.143;0.03;-0.01;1.00;-0.00;-0.00;0.00;0.00;0.00;-0.00;0.00
5.152;0.03;-0.01;1.00;0.01;0.00;0.02;0.00;0.00;-0.00;0.00
5.188;0.03;-0.01;1.00;0.01;0.00;0.02;0.00;0.00;-0.00;0.00
5.19;0.03;-0.02;1.00;0.01;0.00;0.02;0.00;0.00;-0.00;0.00
5.191;0.03;-0.01;1.00;0.01;0.00;0.02;0.00;0.00;-0.00;0.00
5.203;0.03;-0.01;1.00;0.01;0.00;0.02;-0.00;0.00;0.00;0.00
5.215;0.03;-0.01;1.00;0.00;0.00;0.01;-0.00;0.00;0.00;0.00
5.255;0.03;-0.01;1.00;0.00;0.00;0.01;-0.00;0.00;0.00;0.00
5.257;0.03;-0.01;1.00;0.00;0.00;0.01;-0.00;0.00;0.00;0.00
5.258;0.03;-0.02;1.00;0.00;0.00;0.01;-0.00;0.00;0.00;0.00
5.259;0.03;-0.02;1.00;0.00;0.00;0.01;-0.00;0.00;0.00;0.00
5.267;0.03;-0.02;1.00;0.00;0.00;0.01;0.00;-0.00;0.00;0.00
5.273;0.03;-0.02;1.00;-0.00;0.00;0.01;0.00;-0.00;0.00;0.00
5.327;0.03;-0.02;1.00;-0.00;0.00;0.01;0.00;-0.01;0.00;0.00
5.328;0.03;-0.01;1.00;-0.00;0.00;0.01;0.00;-0.01;0.00;0.00
5.329;0.03;-0.02;1.00;-0.00;0.00;0.01;0.00;-0.01;0.00;0.00
5.33;0.03;-0.02;1.00;-0.00;0.00;0.01;0.00;-0.01;0.00;0.00
5.333;0.03;-0.02;1.00;0.00;-0.00;-0.00;0.00;-0.01;0.00;0.00
5.384;0.03;-0.02;1.00;0.00;-0.00;-0.00;0.00;0.00;-0.00;0.00
5.397;0.03;-0.01;1.00;0.00;-0.00;-0.00;0.00;0.00;-0.00;0.00
5.398;0.03;-0.02;1.00;0.00;-0.00;-0.00;0.00;0.00;-0.00;0.00
5.399;0.03;-0.02;1.00;0.00;-0.00;-0.00;0.00;0.00;-0.00;0.00
5.4;0.03;-0.01;1.00;0.00;-0.00;-0.00;0.00;0.00;-0.00;0.00
5.401;0.03;-0.01;1.00;-0.00;-0.00;-0.00;0.00;0.00;-0.00;0.00
5.445;0.03;-0.01;1.00;-0.00;-0.00;-0.00;0.00;0.00;-0.00;0.00
5.454;0.03;-0.01;1.00;-0.00;-0.01;0.00;0.00;0.00;-0.00;0.00
5.468;0.03;-0.02;1.00;-0.00;-0.01;0.00;0.00;0.00;-0.00;0.00
5.47;0.03;-0.02;1.00;-0.00;-0.01;0.00;0.00;0.00;-0.00;0.00
5.471;0.03;-0.01;1.00;-0.00;-0.01;0.00;0.00;0.00;-0.00;0.00
5.504;0.03;-0.01;1.00;-0.00;-0.01;0.00;-0.00;0.00;0.00;0.00
5.515;0.03;-0.01;1.00;0.01;0.00;-0.01;-0.00;0.00;0.00;0.00
5.538;0.03;-0.01;1.00;0.01;0.00;-0.01;-0.00;0.00;0.00;0.00
5.539;0.03;-0.02;1.00;0.01;0.00;-0.01;-0.00;0.00;0.00;0.00
5.54;0.03;-0.02;1.00;0.01;0.00;-0.01;-0.00;0.00;0.00;0.00
5.541;0.03;-0.02;1.00;0.01;0.00;-0.01;-0.00;0.00;0.00;0.00
5.564;0.03;-0.02;1.00;0.01;0.00;-0.01;0.00;0.00;0.00;0.00
5.574;0.03;-0.02;1.00;-0.01;-0.01;0.01;0.00;0.00;0.00;0.00
5.608;0.03;-0.02;1.00;-0.01;-0.01;0.01;0.00;0.00;0.00;0.00
5.609;0.03;-0.01;1.00;-0.01;-0.01;0.01;0.00;0.00;0.00;0.00
5.61;0.03;-0.01;1.00;-0.01;-0.01;0.01;0.00;0.00;0.00;0.00
5.625;0.03;-0.01;1.00;-0.01;-0.01;0.01;0.00;-0.00;0.00;0.00
5.637;0.03;-0.01;1.00;0.01;0.01;-0.00;0.00;-0.00;0.00;0.00
5.678;0.03;-0.01;1.00;0.01;0.01;-0.00;0.00;-0.00;0.00;0.00
5.679;0.03;-0.01;1.00;0.01;0.01;-0.00;0.00;-0.00;0.00;0.00
5.68;0.03;-0.02;1.00;0.01;0.01;-0.00;0.00;-0.00;0.00;0.00
5.681;0.03;-0.01;1.00;0.01;0.01;-0.00;0.00;-0.00;0.00;0.00
5.693;0.03;-0.01;1.00;0.01;0.01;-0.00;0.00;-0.00;-0.00;0.00
5.709;0.03;-0.01;1.00;0.01;-0.00;-0.00;0.00;-0.00;-0.00;0.00
5.746;0.03;-0.01;1.00;0.01;-0.00;-0.00;0.00;-0.00;0.00;0.00
5.747;0.03;-0.02;1.00;0.01;-0.00;-0.00;0.00;-0.00;0.00;0.00
5.748;0.03;-0.02;1.00;0.01;-0.00;-0.00;0.00;-0.00;0.00;0.00
5.748;0.03;-0.02;1.00;0.01;-0.00;-0.00;0.00;-0.00;0.00;0.00
5.755;0.03;-0.02;1.00;0.00;-0.01;-0.00;0.00;-0.00;0.00;0.00
5.806;0.03;-0.02;1.00;0.00;-0.01;-0.00;0.00;-0.00;0.00;0.00
5.824;0.03;-0.02;1.00;0.00;-0.01;-0.00;0.00;-0.00;0.00;0.00
5.825;0.03;-0.01;1.00;0.00;-0.01;-0.00;0.00;-0.00;0.00;0.00
5.825;0.03;-0.01;1.00;0.00;-0.01;-0.00;0.00;-0.00;0.00;0.00
5.825;0.03;-0.01;1.00;0.00;-0.01;-0.00;0.00;-0.00;0.00;0.00
5.826;0.03;-0.01;1.00;0.00;-0.01;0.00;0.00;-0.00;0.00;0.00
5.867;0.03;-0.01;1.00;0.00;-0.01;0.00;0.00;-0.01;0.00;0.00
5.876;0.03;-0.01;1.00;-0.01;-0.00;0.01;0.00;-0.01;0.00;0.00
5.887;0.03;-0.02;1.00;-0.01;-0.00;0.01;0.00;-0.01;0.00;0.00
5.888;0.03;-0.01;1.00;-0.01;-0.00;0.01;0.00;-0.01;0.00;0.00
5.889;0.03;-0.02;1.00;-0.01;-0.00;0.01;0.00;-0.01;0.00;0.00
5.926;0.03;-0.02;1.00;-0.01;-0.00;0.01;-0.00;0.00;0.00;0.00
5.937;0.03;-0.02;1.00;-0.00;0.00;-0.00;-0.00;0.00;0.00;0.00
5.961;0.03;-0.02;1.00;-0.00;0.00;-0.00;-0.00;0.00;0.00;0.00
5.963;0.03;-0.01;1.00;-0.00;0.00;-0.00;-0.00;0.00;0.00;0.00
5.963;0.03;-0.01;1.00;-0.00;0.00;-0.00;-0.00;0.00;0.00;0.00
5.963;0.03;-0.02;1.00;-0.00;0.00;-0.00;-0.00;0.00;0.00;0.00
5.986;0.03;-0.02;1.00;-0.00;0.00;-0.00;-0.00;0.01;0.00;0.00
5.997;0.03;-0.02;1.00;0.01;-0.01;0.00;-0.00;0.01;0.00;0.00
6.027;0.03;-0.02;1.00;0.01;-0.01;0.00;-0.00;0.01;0.00;0.00
6.028;0.03;-0.01;1.00;0.01;-0.01;0.00;-0.00;0.01;0.00;0.00
6.028;0.03;-0.01;1.00;0.01;-0.01;0.00;-0.00;0.01;0.00;0.00
6.047;0.03;-0.01;1.00;0.01;-0.01;0.00;0.00;-0.00;0.00;0.00
6.057;0.03;-0.01;1.00;-0.00;0.00;0.00;0.00;-0.00;0.00;0.00
6.1;0.03;-0.02;1.00;-0.00;0.00;0.00;0.00;-0.00;0.00;0.00
6.101;0.03;-0.01;1.00;-0.00;0.00;0.00;0.00;-0.00;0.00;0.00
6.103;0.03;-0.01;1.00;-0.00;0.00;0.00;0.00;-0.00;0.00;0.00
6.104;0.03;-0.02;1.00;-0.00;0.00;0.00;0.00;-0.00;0.00;0.00
6.114;0.03;-0.02;1.00;-0.00;0.00;0.00;0.00;-0.01;-0.00;0.00
6.118;0.03;-0.02;1.00;-0.00;0.00;-0.01;0.00;-0.01;-0.00;0.00
6.168;0.03;-0.02;1.00;-0.00;0.00;-0.01;0.00;-0.01;-0.00;0.00
6.169;0.03;-0.01;1.00;-0.00;0.00;-0.01;0.00;-0.01;-0.00;0.00
6.17;0.03;-0.01;1.00;-0.00;0.00;-0.01;0.00;-0.01;-0.00;0.00
6.171;0.03;-0.01;1.00;-0.00;0.00;-0.01;0.00;0.00;-0.00;0.00
6.179;0.03;-0.01;1.00;0.01;0.00;-0.01;0.00;0.00;-0.00;0.00
6.229;0.03;-0.01;1.00;0.01;0.00;-0.01;-0.00;0.00;0.00;0.00
6.243;0.03;-0.02;1.00;0.01;0.00;-0.01;-0.00;0.00;0.00;0.00
6.244;0.03;-0.01;1.00;0.01;0.00;-0.01;-0.00;0.00;0.00;0.00
6.244;0.03;-0.01;1.00;0.01;0.00;-0.01;-0.00;0.00;0.00;0.00
6.245;0.03;-0.02;1.00;0.01;0.00;-0.01;-0.00;0.00;0.00;0.00
6.245;0.03;-0.02;1.00;0.01;0.00;-0.00;-0.00;0.00;0.00;0.00
6.289;0.03;-0.02;1.00;0.01;0.00;-0.00;-0.00;0.01;0.00;0.00
6.301;0.03;-0.02;1.00;0.01;-0.01;0.01;-0.00;0.01;0.00;0.00
6.306;0.03;-0.02;1.00;0.01;-0.01;0.01;-0.00;0.01;0.00;0.00
6.307;0.03;-0.01;1.00;0.01;-0.01;0.01;-0.00;0.01;0.00;0.00
6.308;0.03;-0.02;1.00;0.01;-0.01;0.01;-0.00;0.01;0.00;0.00
6.349;0.03;-0.02;1.00;0.01;-0.01;0.01;-0.00;0.01;0.00;0.00
6.359;0.03;-0.02;1.00;0.00;-0.00;-0.01;-0.00;0.01;0.00;0.00
6.379;0.03;-0.02;1.00;0.00;-0.00;-0.01;-0.00;0.01;0.00;0.00
6.38;0.03;-0.01;1.00;0.00;-0.00;-0.01;-0.00;0.01;0.00;0.00
6.381;0.03;-0.02;1.00;0.00;-0.00;-0.01;-0.00;0.01;0.00;0.00
6.382;0.03;-0.02;1.00;0.00;-0.00;-0.01;-0.00;0.01;0.00;0.00
6.409;0.03;-0.02;1.00;0.00;-0.00;-0.01;-0.00;0.00;-0.00;0.00
6.42;0.03;-0.02;1.00;0.00;-0.00;0.01;-0.00;0.00;-0.00;0.00
6.446;0.03;-0.02;1.00;0.00;-0.00;0.01;-0.00;0.00;-0.00;0.00
6.447;0.03;-0.01;1.00;0.00;-0.00;0.01;-0.00;0.00;-0.00;0.00
6.448;0.03;-0.01;1.00;0.00;-0.00;0.01;-0.00;0.00;-0.00;0.00
6.472;0.03;-0.01;1.00;0.00;-0.00;0.01;0.00;-0.00;-0.00;0.00
6.48;0.03;-0.01;1.00;0.00;-0.00;0.00;0.00;-0.00;-0.00;0.00
6.521;0.03;-0.02;1.00;0.00;-0.00;0.00;0.00;-0.00;-0.00;0.00
6.523;0.03;-0.02;1.00;0.00;-0.00;0.00;0.00;-0.00;-0.00;0.00
6.524;0.03;-0.01;1.00;0.00;-0.00;0.00;0.00;-0.00;-0.00;0.00
6.525;0.03;-0.02;1.00;0.00;-0.00;0.00;0.00;-0.00;-0.00;0.00
6.53;0.03;-0.02;1.00;0.00;-0.00;0.00;0.00;-0.00;0.00;0.00
6.541;0.03;-0.02;1.00;0.00;-0.00;0.00;0.00;-0.00;0.00;0.00
6.597;0.03;-0.02;0.99;0.00;-0.00;0.00;0.00;-0.00;0.00;0.00
6.599;0.03;-0.01;1.00;0.00;-0.00;0.00;0.00;-0.00;0.00;0.00
6.601;0.03;-0.02;1.00;0.00;-0.00;0.00;0.00;-0.00;0.00;0.00
6.602;0.03;-0.02;1.00;0.00;-0.00;0.00;-0.00;0.00;0.00;0.00
6.603;0.03;-0.02;1.00;-0.00;-0.00;-0.01;-0.00;0.00;0.00;0.00
6.652;0.03;-0.02;1.00;-0.00;-0.00;-0.01;-0.00;0.00;0.00;0.00
6.659;0.03;-0.02;1.00;-0.00;-0.00;-0.01;-0.00;0.00;0.00;0.00
6.66;0.03;-0.01;1.00;-0.00;-0.00;-0.01;-0.00;0.00;0.00;0.00
6.661;0.03;-0.01;1.00;-0.00;-0.00;-0.01;-0.00;0.00;0.00;0.00
6.662;0.03;-0.01;1.00;-0.00;-0.00;-0.01;-0.00;0.00;0.00;0.00
6.663;0.03;-0.01;1.00;0.00;0.00;0.00;-0.00;0.00;0.00;0.00
6.712;0.03;-0.01;1.00;0.00;0.00;0.00;0.00;0.00;0.00;0.00
6.724;0.03;-0.01;1.00;0.00;0.01;-0.00;0.00;0.00;0.00;0.00
6.725;0.03;-0.01;1.00;0.00;0.01;-0.00;0.00;0.00;0.00;0.00
6.725;0.03;-0.02;1.00;0.00;0.01;-0.00;0.00;0.00;0.00;0.00
6.725;0.03;-0.02;1.00;0.00;0.01;-0.00;0.00;0.00;0.00;0.00
6.772;0.03;-0.02;1.00;0.00;0.01;-0.00;0.00;-0.00;0.00;0.00
6.782;0.03;-0.02;1.00;-0.01;0.00;-0.00;0.00;-0.00;0.00;0.00
6.795;0.03;-0.01;1.00;-0.01;0.00;-0.00;0.00;-0.00;0.00;0.00
6.797;0.03;-0.01;1.00;-0.01;0.00;-0.00;0.00;-0.00;0.00;0.00
6.798;0.03;-0.02;1.00;-0.01;0.00;-0.00;0.00;-0.00;0.00;0.00
6.833;0.03;-0.02;1.00;-0.01;0.00;-0.00;-0.00;0.00;-0.00;0.00
6.842;0.03;-0.02;1.00;-0.00;-0.01;-0.00;-0.00;0.00;-0.00;0.00
6.866;0.03;-0.02;1.00;-0.00;-0.01;-0.00;-0.00;0.00;-0.00;0.00
6.867;0.03;-0.01;1.00;-0.00;-0.01;-0.00;-0.00;0.00;-0.00;0.00
6.868;0.03;-0.02;1.00;-0.00;-0.01;-0.00;-0.00;0.00;-0.00;0.00
6.869;0.03;-0.02;1.00;-0.00;-0.01;-0.00;-0.00;0.00;-0.00;0.00
6.892;0.03;-0.02;1.00;-0.00;-0.01;-0.00;0.00;0.00;0.00;0.00
6.904;0.03;-0.02;1.00;0.00;-0.01;0.00;0.00;0.00;0.00;0.00
6.934;0.03;-0.02;1.00;0.00;-0.01;0.00;0.00;0.00;0.00;0.00
6.935;0.03;-0.01;1.00;0.00;-0.01;0.00;0.00;0.00;0.00;0.00
6.936;0.03;-0.02;1.00;0.00;-0.01;0.00;0.00;0.00;0.00;0.00
6.955;0.03;-0.02;1.00;0.00;-0.01;0.00;-0.00;-0.00;-0.00;0.00
6.964;0.03;-0.02;1.00;0.00;-0.00;0.00;-0.00;-0.00;-0.00;0.00
7.005;0.03;-0.02;1.00;0.00;-0.00;0.00;-0.00;-0.00;-0.00;0.00
7.006;0.03;-0.01;1.00;0.00;-0.00;0.00;-0.00;-0.00;-0.00;0.00
7.006;0.03;-0.01;1.00;0.00;-0.00;0.00;-0.00;-0.00;-0.00;0.00
7.007;0.03;-0.01;1.00;0.00;-0.00;0.00;-0.00;-0.00;-0.00;0.00
7.013;0.03;-0.01;1.00;0.00;-0.00;0.00;-0.00;0.00;0.00;0.00
7.024;0.03;-0.01;1.00;0.00;0.01;0.00;-0.00;0.00;0.00;0.00
7.081;0.03;-0.01;1.00;0.00;0.01;0.00;0.00;-0.00;0.00;0.00
7.083;0.03;-0.02;1.00;0.00;0.01;0.00;0.00;-0.00;0.00;0.00
7.083;0.03;-0.02;1.00;0.00;0.01;0.00;0.00;-0.00;0.00;0.00
7.084;0.03;-0.01;1.00;0.00;0.01;0.00;0.00;-0.00;0.00;0.00
7.084;0.03;-0.01;1.00;-0.00;-0.00;0.01;0.00;-0.00;0.00;0.00
7.134;0.03;-0.01;1.00;-0.00;-0.00;0.01;0.00;-0.00;-0.00;0.00
7.145;0.03;-0.01;1.00;-0.00;-0.00;-0.01;0.00;-0.00;-0.00;0.00
7.146;0.03;-0.02;1.00;-0.00;-0.00;-0.01;0.00;-0.00;-0.00;0.00
7.147;0.03;-0.02;1.00;-0.00;-0.00;-0.01;0.00;-0.00;-0.00;0.00
7.148;0.03;-0.02;1.00;-0.00;-0.00;-0.01;0.00;-0.00;-0.00;0.00
7.149;0.03;-0.02;1.00;-0.00;-0.00;-0.01;0.00;-0.00;-0.00;0.00
7.195;0.03;-0.02;1.00;-0.00;-0.00;-0.01;-0.00;0.00;-0.00;0.00
7.212;0.03;-0.02;1.00;0.01;0.01;0.00;-0.00;0.00;-0.00;0.00
7.217;0.03;-0.01;1.00;0.01;0.01;0.00;-0.00;0.00;-0.00;0.00
7.218;0.03;-0.01;1.00;0.01;0.01;0.00;-0.00;0.00;-0.00;0.00
7.219;0.03;-0.01;1.00;0.01;0.01;0.00;-0.00;0.00;-0.00;0.00
7.255;0.03;-0.01;1.00;0.01;0.01;0.00;-0.00;0.00;0.00;0.00
7.264;0.03;-0.01;1.00;-0.01;-0.00;0.01;-0.00;0.00;0.00;0.00
7.286;0.03;-0.02;1.00;-0.01;-0.00;0.01;-0.00;0.00;0.00;0.00
7.287;0.03;-0.02;1.00;-0.01;-0.00;0.01;-0.00;0.00;0.00;0.00
7.288;0.03;-0.01;1.00;-0.01;-0.00;0.01;-0.00;0.00;0.00;0.00
7.289;0.03;-0.01;1.00;-0.01;-0.00;0.01;-0.00;0.00;0.00;0.00
7.314;0.03;-0.01;1.00;-0.01;-0.00;0.01;-0.00;0.00;-0.00;0.00
7.327;0.03;-0.01;1.00;-0.00;-0.00;0.01;-0.00;0.00;-0.00;0.00
7.357;0.03;-0.01;1.00;-0.00;-0.00;0.01;-0.00;0.00;-0.00;0.00
7.357;0.03;-0.02;1.00;-0.00;-0.00;0.01;-0.00;0.00;-0.00;0.00
7.358;0.03;-0.02;1.00;-0.00;-0.00;0.01;-0.00;0.00;-0.00;0.00
7.375;0.03;-0.02;1.00;-0.00;-0.00;0.01;-0.00;0.00;0.00;0.00
7.386;0.03;-0.02;1.00;-0.00;0.00;-0.00;-0.00;0.00;0.00;0.00
7.426;0.03;-0.01;1.00;-0.00;0.00;-0.00;-0.00;0.00;0.00;0.00
7.427;0.03;-0.01;1.00;-0.00;0.00;-0.00;-0.00;0.00;0.00;0.00
7.427;0.03;-0.01;1.00;-0.00;0.00;-0.00;-0.00;0.00;0.00;0.00
7.428;0.03;-0.02;1.00;-0.00;0.00;-0.00;-0.00;0.00;0.00;0.00
7.436;0.03;-0.02;1.00;-0.00;0.00;-0.00;0.00;-0.00;-0.00;0.00
7.446;0.03;-0.02;1.00;-0.00;0.00;-0.01;0.00;-0.00;-0.00;0.00
7.494;0.03;-0.01;1.00;-0.00;0.00;-0.01;0.00;-0.00;-0.00;0.00
7.495;0.03;-0.02;1.00;-0.00;0.00;-0.01;0.00;-0.00;-0.00;0.00
7.495;0.03;-0.02;1.00;-0.00;0.00;-0.01;0.00;-0.00;-0.00;0.00
7.496;0.03;-0.02;1.00;-0.00;0.00;-0.01;-0.00;-0.00;0.00;0.00
7.506;0.03;-0.02;1.00;0.00;-0.00;0.00;-0.00;-0.00;0.00;0.00
7.557;0.03;-0.02;1.00;0.00;-0.00;0.00;0.00;-0.00;-0.00;0.00
7.566;0.03;-0.01;1.00;0.00;-0.00;0.00;0.00;-0.00;-0.00;0.00
7.567;0.03;-0.01;1.00;0.00;-0.00;0.00;0.00;-0.00;-0.00;0.00
7.568;0.03;-0.02;1.00;0.00;-0.00;0.00;0.00;-0.00;-0.00;0.00
7.569;0.03;-0.01;1.00;0.00;-0.00;0.00;0.00;-0.00;-0.00;0.00
7.57;0.03;-0.01;1.00;0.00;0.00;-0.00;0.00;-0.00;-0.00;0.00
7.617;0.03;-0.01;1.00;0.00;0.00;-0.00;-0.00;-0.00;0.00;0.00
7.627;0.03;-0.01;1.00;0.00;0.00;0.01;-0.00;-0.00;0.00;0.00
7.635;0.03;-0.01;1.00;0.00;0.00;0.01;-0.00;-0.00;0.00;0.00
7.636;0.03;-0.02;1.00;0.00;0.00;0.01;-0.00;-0.00;0.00;0.00
7.637;0.03;-0.01;1.00;0.00;0.00;0.01;-0.00;-0.00;0.00;0.00
7.677;0.03;-0.01;1.00;0.00;0.00;0.01;0.00;0.00;0.00;0.00
7.688;0.03;-0.01;1.00;-0.00;-0.00;0.00;0.00;0.00;0.00;0.00
7.707;0.03;-0.02;1.00;-0.00;-0.00;0.00;0.00;0.00;0.00;0.00
7.71;0.03;-0.02;1.00;-0.00;-0.00;0.00;0.00;0.00;0.00;0.00
7.711;0.03;-0.01;1.00;-0.00;-0.00;0.00;0.00;0.00;0.00;0.00
7.712;0.03;-0.01;1.00;-0.00;-0.00;0.00;0.00;0.00;0.00;0.00
7.737;0.03;-0.01;1.00;-0.00;-0.00;0.00;0.00;0.00;-0.00;0.00
7.751;0.03;-0.01;1.00;0.00;0.01;-0.01;0.00;0.00;-0.00;0.00
7.775;0.03;-0.01;1.00;0.00;0.01;-0.01;0.00;0.00;-0.00;0.00
7.776;0.03;-0.02;1.00;0.00;0.01;-0.01;0.00;0.00;-0.00;0.00
7.776;0.03;-0.02;1.00;0.00;0.01;-0.01;0.00;0.00;-0.00;0.00
7.798;0.03;-0.02;1.00;0.00;0.01;-0.01;0.00;-0.00;-0.00;0.00
7.809;0.03;-0.02;1.00;-0.01;-0.00;-0.00;0.00;-0.00;-0.00;0.00
7.847;0.03;-0.01;1.00;-0.01;-0.00;-0.00;0.00;-0.00;-0.00;0.00
7.848;0.03;-0.01;1.00;-0.01;-0.00;-0.00;0.00;-0.00;-0.00;0.00
7.849;0.03;-0.02;1.00;-0.01;-0.00;-0.00;0.00;-0.00;-0.00;0.00
7.85;0.03;-0.02;1.00;-0.01;-0.00;-0.00;0.00;-0.00;-0.00;0.00
7.859;0.03;-0.02;1.00;-0.01;-0.00;-0.00;-0.00;-0.00;-0.00;0.00
7.869;0.03;-0.02;1.00;0.00;-0.01;0.01;-0.00;-0.00;-0.00;0.00
7.916;0.03;-0.02;1.00;0.00;-0.01;0.01;-0.00;-0.00;-0.00;0.00
7.918;0.03;-0.01;1.00;0.00;-0.01;0.01;-0.00;-0.00;-0.00;0.00
7.919;0.03;-0.02;1.00;0.00;-0.01;0.01;-0.00;-0.00;-0.00;0.00
7.92;0.03;-0.02;1.00;0.00;-0.01;0.01;0.00;-0.00;-0.00;0.00
7.929;0.03;-0.02;1.00;0.00;-0.00;0.00;0.00;-0.00;-0.00;0.00
7.979;0.03;-0.02;1.00;0.00;-0.00;0.00;-0.00;0.01;-0.00;0.00
7.986;0.03;-0.01;1.00;0.00;-0.00;0.00;-0.00;0.01;-0.00;0.00
7.987;0.03;-0.01;0.99;0.00;-0.00;0.00;-0.00;0.01;-0.00;0.00
7.988;0.03;-0.01;1.00;0.00;-0.00;0.00;-0.00;0.01;-0.00;0.00
7.989;0.03;-0.02;1.00;0.00;-0.00;0.00;-0.00;0.01;-0.00;0.00
7.99;0.03;-0.02;1.00;0.01;-0.01;-0.01;-0.00;0.01;-0.00;0.00
8.04;0.03;-0.02;1.00;0.01;-0.01;-0.01;-0.00;0.01;-0.02;0.00
8.049;0.03;-0.02;1.00;0.06;-0.63;0.01;-0.00;0.01;-0.02;0.00
8.057;0.03;-0.11;1.00;0.06;-0.63;0.01;-0.00;0.01;-0.02;0.00
8.058;0.04;-0.04;1.00;0.06;-0.63;0.01;-0.00;0.01;-0.02;0.00
8.058;0.04;-0.09;0.99;0.06;-0.63;0.01;-0.00;0.01;-0.02;0.00
8.1;0.04;-0.09;0.99;0.06;-0.63;0.01;-0.00;0.01;-0.17;0.00
8.11;0.04;-0.09;0.99;0.07;-0.62;0.01;-0.00;0.01;-0.17;0.00
8.128;0.05;-0.13;1.00;0.07;-0.62;0.01;-0.00;0.01;-0.17;0.00
8.129;0.04;-0.13;1.00;0.07;-0.62;0.01;-0.00;0.01;-0.17;0.00
8.129;-0.01;-0.20;1.00;0.07;-0.62;0.01;-0.00;0.01;-0.17;0.00
8.168;-0.01;-0.20;1.00;0.07;-0.62;0.01;0.00;-0.01;-0.13;0.00
8.17;-0.01;-0.20;1.00;-0.17;-1.62;0.00;0.00;-0.01;-0.13;0.00
8.197;-0.07;-0.36;1.00;-0.17;-1.62;0.00;0.00;-0.01;-0.13;0.00
8.197;-0.08;-0.48;1.00;-0.17;-1.62;0.00;0.00;-0.01;-0.13;0.00
8.198;-0.03;-0.50;1.01;-0.17;-1.62;0.00;0.00;-0.01;-0.13;0.00
8.198;0.05;-0.57;0.99;-0.17;-1.62;0.00;0.00;-0.01;-0.13;0.00
8.22;0.05;-0.57;0.99;-0.17;-1.62;0.00;0.02;-0.03;0.05;0.00
8.231;0.05;-0.57;0.99;-0.65;-4.56;0.02;0.02;-0.03;0.05;0.00
8.269;0.09;-0.51;1.00;-0.65;-4.56;0.02;0.02;-0.03;0.05;0.00
8.272;0.02;-0.42;1.01;-0.65;-4.56;0.02;0.02;-0.03;0.05;0.00
8.274;-0.02;-0.36;1.00;-0.65;-4.56;0.02;0.02;-0.03;0.05;0.00
8.284;-0.02;-0.36;1.00;-0.65;-4.56;0.02;0.08;0.03;0.06;0.00
8.293;-0.02;-0.36;1.00;0.06;-4.07;0.04;0.08;0.03;0.06;0.00
8.336;0.02;-0.28;0.97;0.06;-4.07;0.04;0.08;0.03;0.06;0.00
8.338;-0.02;-0.10;1.01;0.06;-4.07;0.04;0.08;0.03;0.06;0.00
8.339;0.01;-0.09;0.99;0.06;-4.07;0.04;0.08;0.03;0.06;0.00
8.339;-0.01;0.03;1.05;0.06;-4.07;0.04;0.08;0.03;0.06;0.00
8.344;-0.01;0.03;1.05;0.06;-4.07;0.04;0.13;0.04;0.36;0.00
8.351;-0.01;0.03;1.05;-0.18;-1.13;-0.04;0.13;0.04;0.36;0.00
8.402;-0.01;0.03;1.05;-0.18;-1.13;-0.04;0.05;0.04;0.06;0.00
8.404;0.18;-0.11;0.93;-0.18;-1.13;-0.04;0.05;0.04;0.06;0.00
8.405;0.14;0.27;0.98;-0.18;-1.13;-0.04;0.05;0.04;0.06;0.00
8.406;0.06;0.30;0.98;-0.18;-1.13;-0.04;0.05;0.04;0.06;0.00
8.418;0.06;0.30;0.98;0.75;1.04;-0.21;0.05;0.04;0.06;0.00
8.462;0.06;0.30;0.98;0.75;1.04;-0.21;0.04;0.02;-0.24;0.00
8.473;0.06;0.30;0.98;0.87;4.44;-0.04;0.04;0.02;-0.24;0.00
8.476;0.12;0.34;0.99;0.87;4.44;-0.04;0.04;0.02;-0.24;0.00
8.477;0.15;0.49;0.99;0.87;4.44;-0.04;0.04;0.02;-0.24;0.00
8.478;0.07;0.62;0.99;0.87;4.44;-0.04;0.04;0.02;-0.24;0.00
8.478;-0.03;0.66;1.00;0.87;4.44;-0.04;0.04;0.02;-0.24;0.00
8.525;-0.03;0.66;1.00;0.87;4.44;-0.04;0.02;-0.01;-0.14;0.00
8.537;-0.03;0.66;1.00;-0.24;5.98;-0.02;0.02;-0.01;-0.14;0.00
8.552;-0.02;0.63;1.00;-0.24;5.98;-0.02;0.02;-0.01;-0.14;0.00
8.553;0.04;0.54;0.99;-0.24;5.98;-0.02;0.02;-0.01;-0.14;0.00
8.553;-0.03;0.38;0.99;-0.24;5.98;-0.02;0.02;-0.01;-0.14;0.00
8.583;-0.03;0.38;0.99;-0.24;5.98;-0.02;-0.00;-0.00;-0.19;0.00
8.596;-0.03;0.38;0.99;0.25;1.46;-0.03;-0.00;-0.00;-0.19;0.00
8.617;0.01;0.03;1.00;0.25;1.46;-0.03;-0.00;-0.00;-0.19;0.00
8.618;0.15;0.07;1.00;0.25;1.46;-0.03;-0.00;-0.00;-0.19;0.00
8.619;0.04;0.07;1.00;0.25;1.46;-0.03;-0.00;-0.00;-0.19;0.00
8.62;-0.07;-0.01;1.00;0.25;1.46;-0.03;-0.00;-0.00;-0.19;0.00
8.644;-0.07;-0.01;1.00;0.25;1.46;-0.03;-0.00;-0.00;-0.19;0.00
8.654;-0.07;-0.01;1.00;-0.57;-0.23;0.01;-0.00;-0.00;-0.19;0.00
8.685;-0.05;-0.05;1.00;-0.57;-0.23;0.01;-0.00;-0.00;-0.19;0.00
8.686;0.01;-0.08;1.00;-0.57;-0.23;0.01;-0.00;-0.00;-0.19;0.00
8.687;0.03;-0.00;1.00;-0.57;-0.23;0.01;-0.00;-0.00;-0.19;0.00
8.703;0.03;-0.00;1.00;-0.57;-0.23;0.01;-0.00;-0.00;0.01;0.00
8.714;0.03;-0.00;1.00;0.03;-0.10;0.00;-0.00;-0.00;0.01;0.00
8.758;0.02;0.02;1.00;0.03;-0.10;0.00;-0.00;-0.00;0.01;0.00
8.76;0.02;0.01;1.00;0.03;-0.10;0.00;-0.00;-0.00;0.01;0.00
8.761;0.03;-0.01;0.99;0.03;-0.10;0.00;-0.00;-0.00;0.01;0.00
8.761;0.04;-0.01;0.99;0.03;-0.10;0.00;-0.00;-0.00;0.01;0.00
8.764;0.04;-0.01;0.99;0.03;-0.10;0.00;-0.02;0.02;-0.03;0.00
8.774;0.04;-0.01;0.99;0.01;0.01;-0.01;-0.02;0.02;-0.03;0.00
8.827;0.01;0.04;1.01;0.01;0.01;-0.01;-0.02;0.02;-0.03;0.00
8.829;0.02;-0.01;1.00;0.01;0.01;-0.01;-0.02;0.02;-0.03;0.00
8.829;0.03;0.00;1.00;0.01;0.01;-0.01;-0.02;0.02;-0.03;0.00
8.83;0.03;0.00;1.00;0.01;0.01;-0.01;-0.00;0.00;-0.01;0.00
8.834;0.03;0.00;1.00;0.01;-0.02;0.00;-0.00;0.00;-0.01;0.00
8.885;0.03;0.00;1.00;0.01;-0.02;0.00;-0.00;0.00;-0.00;0.00
8.897;0.03;0.00;1.00;0.01;-0.02;0.00;-0.00;0.00;-0.00;0.00
8.899;0.03;0.02;1.00;0.01;-0.02;0.00;-0.00;0.00;-0.00;0.00
8.9;0.01;-0.00;1.00;0.01;-0.02;0.00;-0.00;0.00;-0.00;0.00
8.901;0.02;-0.01;1.00;0.01;-0.02;0.00;-0.00;0.00;-0.00;0.00
8.902;0.03;0.01;1.00;0.01;-0.02;0.00;-0.00;0.00;-0.00;0.00
8.945;0.03;0.01;1.00;0.01;-0.02;0.00;-0.00;-0.00;0.00;0.00
8.955;0.03;0.01;1.00;-0.01;-0.02;0.01;-0.00;-0.00;0.00;0.00
8.965;0.02;0.00;1.00;-0.01;-0.02;0.01;-0.00;-0.00;0.00;0.00
8.967;0.01;-0.01;1.00;-0.01;-0.02;0.01;-0.00;-0.00;0.00;0.00
8.968;0.03;0.01;1.00;-0.01;-0.02;0.01;-0.00;-0.00;0.00;0.00
9.005;0.03;0.01;1.00;-0.01;-0.02;0.01;-0.00;-0.00;-0.00;0.00
9.016;0.03;0.01;1.00;-0.01;-0.02;-0.01;-0.00;-0.00;-0.00;0.00
9.039;0.03;0.01;1.00;-0.01;-0.02;-0.01;-0.00;-0.00;-0.00;0.00
9.04;0.02;0.00;1.00;-0.01;-0.02;-0.01;-0.00;-0.00;-0.00;0.00
9.041;0.02;0.00;1.00;-0.01;-0.02;-0.01;-0.00;-0.00;-0.00;0.00
9.041;0.03;0.01;1.00;-0.01;-0.02;-0.01;-0.00;-0.00;-0.00;0.00
9.065;0.03;0.01;1.00;-0.01;-0.02;-0.01;0.00;0.00;0.00;0.00
9.076;0.03;0.01;1.00;-0.01;-0.02;-0.00;0.00;0.00;0.00;0.00
9.106;0.03;0.00;1.00;-0.01;-0.02;-0.00;0.00;0.00;0.00;0.00
9.107;0.02;-0.00;1.00;-0.01;-0.02;-0.00;0.00;0.00;0.00;0.00
9.108;0.02;0.00;1.00;-0.01;-0.02;-0.00;0.00;0.00;0.00;0.00
9.126;0.02;0.00;1.00;-0.01;-0.02;-0.00;0.00;-0.00;0.00;0.00
9.137;0.02;0.00;1.00;-0.01;-0.02;0.01;0.00;-0.00;0.00;0.00
9.178;0.03;0.01;1.00;-0.01;-0.02;0.01;0.00;-0.00;0.00;0.00
9.18;0.02;0.00;1.00;-0.01;-0.02;0.01;0.00;-0.00;0.00;0.00
9.181;0.02;-0.00;1.00;-0.01;-0.02;0.01;0.00;-0.00;0.00;0.00
9.182;0.02;0.01;1.00;-0.01;-0.02;0.01;0.00;-0.00;0.00;0.00
9.186;0.02;0.01;1.00;-0.01;-0.02;0.01;0.00;0.00;0.00;0.00
9.197;0.02;0.01;1.00;-0.01;-0.01;-0.00;0.00;0.00;0.00;0.00
9.246;0.03;0.01;1.00;-0.01;-0.01;-0.00;0.00;0.00;0.00;0.00
9.248;0.02;-0.00;1.00;-0.01;-0.01;-0.00;0.00;0.00;0.00;0.00
9.248;0.02;0.00;1.00;-0.01;-0.01;-0.00;0.00;0.00;0.00;0.00
9.249;0.02;0.00;1.00;-0.01;-0.01;-0.00;0.00;0.00;-0.00;0.00
9.256;0.02;0.00;1.00;-0.00;-0.02;-0.01;0.00;0.00;-0.00;0.00
9.307;0.02;0.00;1.00;-0.00;-0.02;-0.01;0.00;0.00;0.00;0.00
9.326;0.03;0.01;1.00;-0.00;-0.02;-0.01;0.00;0.00;0.00;0.00
9.327;0.02;-0.00;1.00;-0.00;-0.02;-0.01;0.00;0.00;0.00;0.00
9.327;0.02;0.00;1.00;-0.00;-0.02;-0.01;0.00;0.00;0.00;0.00
9.328;0.02;0.01;1.00;-0.00;-0.02;-0.01;0.00;0.00;0.00;0.00
9.329;0.02;0.01;1.00;0.00;-0.00;0.00;0.00;0.00;0.00;0.00
9.368;0.02;0.01;1.00;0.00;-0.00;0.00;0.00;0.00;-0.00;0.00
9.378;0.02;0.01;1.00;0.01;-0.00;-0.00;0.00;0.00;-0.00;0.00
9.386;0.03;0.00;1.00;0.01;-0.00;-0.00;0.00;0.00;-0.00;0.00
9.387;0.02;-0.00;1.00;0.01;-0.00;-0.00;0.00;0.00;-0.00;0.00
9.388;0.02;0.00;1.00;0.01;-0.00;-0.00;0.00;0.00;-0.00;0.00
9.428;0.02;0.00;1.00;0.01;-0.00;-0.00;0.00;-0.00;0.00;0.00
9.439;0.02;0.00;1.00;-0.01;-0.00;0.00;0.00;-0.00;0.00;0.00
9.455;0.02;0.01;1.00;-0.01;-0.00;0.00;0.00;-0.00;0.00;0.00
9.456;0.02;0.00;1.00;-0.01;-0.00;0.00;0.00;-0.00;0.00;0.00
9.457;0.02;0.00;1.00;-0.01;-0.00;0.00;0.00;-0.00;0.00;0.00
9.457;0.02;0.01;1.00;-0.01;-0.00;0.00;0.00;-0.00;0.00;0.00
9.488;0.02;0.01;1.00;-0.01;-0.00;0.00;-0.00;0.00;-0.00;0.00
9.498;0.02;0.01;1.00;-0.00;-0.01;-0.01;-0.00;0.00;-0.00;0.00
9.525;0.02;0.01;1.00;-0.00;-0.01;-0.01;-0.00;0.00;-0.00;0.00
9.527;0.03;-0.00;1.00;-0.00;-0.01;-0.01;-0.00;0.00;-0.00;0.00
9.528;0.02;0.00;1.00;-0.00;-0.01;-0.01;-0.00;0.00;-0.00;0.00
9.549;0.02;0.00;1.00;-0.00;-0.01;-0.01;-0.00;0.00;-0.00;0.00
9.559;0.02;0.00;1.00;-0.01;-0.00;0.00;-0.00;0.00;-0.00;0.00
9.599;0.02;0.01;1.00;-0.01;-0.00;0.00;-0.00;0.00;-0.00;0.00
9.6;0.02;0.00;1.00;-0.01;-0.00;0.00;-0.00;0.00;-0.00;0.00
9.601;0.02;-0.00;1.00;-0.01;-0.00;0.00;-0.00;0.00;-0.00;0.00
9.603;0.02;0.01;1.00;-0.01;-0.00;0.00;-0.00;0.00;-0.00;0.00
9.609;0.02;0.01;1.00;-0.01;-0.00;0.00;-0.00;0.00;0.00;0.00
9.619;0.02;0.01;1.00;-0.00;-0.00;-0.00;-0.00;0.00;0.00;0.00
9.665;0.02;0.00;1.00;-0.00;-0.00;-0.00;-0.00;0.00;0.00;0.00
9.666;0.02;0.00;1.00;-0.00;-0.00;-0.00;-0.00;0.00;0.00;0.00
9.669;0.02;0.01;1.00;-0.00;-0.00;-0.00;-0.00;0.00;0.00;0.00
9.671;0.02;0.01;1.00;-0.00;-0.00;-0.00;0.00;-0.00;-0.00;0.00
9.679;0.02;0.01;1.00;-0.00;-0.00;-0.00;0.00;-0.00;-0.00;0.00
9.731;0.02;0.01;1.00;-0.00;-0.00;-0.00;-0.00;-0.00;-0.00;0.00
9.733;0.02;0.00;1.00;-0.00;-0.00;-0.00;-0.00;-0.00;-0.00;0.00
9.734;0.02;0.00;1.00;-0.00;-0.00;-0.00;-0.00;-0.00;-0.00;0.00
9.735;0.03;0.00;1.00;-0.00;-0.00;-0.00;-0.00;-0.00;-0.00;0.00
9.74;0.03;0.00;1.00;-0.01;0.00;0.00;-0.00;-0.00;-0.00;0.00
9.79;0.03;0.00;1.00;-0.01;0.00;0.00;-0.00;0.00;-0.00;0.00
9.8;0.03;0.00;1.00;0.00;-0.00;-0.00;-0.00;0.00;-0.00;0.00
9.803;0.02;0.01;1.00;0.00;-0.00;-0.00;-0.00;0.00;-0.00;0.00
9.804;0.02;0.00;1.00;0.00;-0.00;-0.00;-0.00;0.00;-0.00;0.00
9.805;0.02;0.00;1.00;0.00;-0.00;-0.00;-0.00;0.00;-0.00;0.00
9.805;0.02;0.00;1.00;0.00;-0.00;-0.00;-0.00;0.00;-0.00;0.00
9.857;0.02;0.00;1.00;0.00;-0.00;-0.00;0.00;0.00;0.00;0.00
9.862;0.02;0.00;1.00;0.01;-0.00;-0.00;0.00;0.00;0.00;0.00
9.874;0.02;0.01;1.00;0.01;-0.00;-0.00;0.00;0.00;0.00;0.00
9.875;0.02;0.00;1.00;0.01;-0.00;-0.00;0.00;0.00;0.00;0.00
9.875;0.02;-0.00;1.00;0.01;-0.00;-0.00;0.00;0.00;0.00;0.00
9.911;0.02;-0.00;1.00;0.01;-0.00;-0.00;-0.00;0.00;0.00;0.00
9.922;0.02;-0.00;1.00;-0.00;-0.01;-0.00;-0.00;0.00;0.00;0.00
9.944;0.02;0.01;1.00;-0.00;-0.01;-0.00;-0.00;0.00;0.00;0.00
9.946;0.02;0.01;1.00;-0.00;-0.01;-0.00;-0.00;0.00;0.00;0.00
9.947;0.02;-0.00;1.00;-0.00;-0.01;-0.00;-0.00;0.00;0.00;0.00
9.948;0.02;0.00;1.00;-0.00;-0.01;-0.00;-0.00;0.00;0.00;0.00
9.971;0.02;0.00;1.00;-0.00;-0.01;-0.00;-0.00;-0.00;0.00;0.00
9.98;0.02;0.00;1.00;-0.00;-0.00;0.00;-0.00;-0.00;0.00;0.00
10.017;0.02;0.01;1.00;-0.00;-0.00;0.00;-0.00;-0.00;0.00;0.00
10.018;0.02;0.00;1.00;-0.00;-0.00;0.00;-0.00;-0.00;0.00;0.00
10.019;0.02;0.00;1.00;-0.00;-0.00;0.00;-0.00;-0.00;0.00;0.00
10.031;0.02;0.00;1.00;-0.00;-0.00;0.00;-0.00;0.00;0.00;0.00
10.042;0.02;0.00;1.00;-0.00;-0.00;0.01;-0.00;0.00;0.00;0.00
10.084;0.03;0.01;1.00;-0.00;-0.00;0.01;-0.00;0.00;0.00;0.00
10.086;0.02;0.00;1.00;-0.00;-0.00;0.01;-0.00;0.00;0.00;0.00
10.086;0.02;0.00;1.00;-0.00;-0.00;0.01;-0.00;0.00;0.00;0.00
10.087;0.02;0.00;1.00;-0.00;-0.00;0.01;-0.00;0.00;0.00;0.00
10.092;0.02;0.00;1.00;-0.00;-0.00;0.01;0.00;0.00;-0.00;0.00
10.102;0.02;0.00;1.00;-0.00;-0.01;-0.01;0.00;0.00;-0.00;0.00
10.154;0.02;0.00;1.00;-0.00;-0.01;-0.01;0.00;-0.00;0.00;0.00
10.156;0.02;0.00;1.00;-0.00;-0.01;-0.01;0.00;-0.00;0.00;0.00
10.157;0.02;0.00;1.00;-0.00;-0.01;-0.01;0.00;-0.00;0.00;0.00
10.158;0.02;0.00;1.00;-0.00;-0.01;-0.01;0.00;-0.00;0.00;0.00
10.164;0.02;0.00;1.00;-0.01;-0.01;0.01;0.00;-0.00;0.00;0.00
10.213;0.02;0.00;1.00;-0.01;-0.01;0.01;-0.00;0.00;0.00;0.00
10.225;0.02;0.00;1.00;-0.01;-0.01;0.01;-0.00;0.00;0.00;0.00
10.226;0.02;0.00;1.00;-0.01;-0.01;0.01;-0.00;0.00;0.00;0.00
10.227;0.02;-0.00;1.00;-0.01;-0.01;0.01;-0.00;0.00;0.00;0.00
10.228;0.02;0.01;1.00;-0.01;-0.01;0.01;-0.00;0.00;0.00;0.00
10.229;0.02;0.01;1.00;-0.00;-0.01;-0.01;-0.00;0.00;0.00;0.00
10.277;0.02;0.01;1.00;-0.00;-0.01;-0.01;-0.00;0.00;0.00;0.00
10.292;0.02;0.01;1.00;0.00;0.00;-0.02;-0.00;0.00;0.00;0.00
10.294;0.02;0.01;1.00;0.00;0.00;-0.02;-0.00;0.00;0.00;0.00
10.295;0.02;0.00;1.00;0.00;0.00;-0.02;-0.00;0.00;0.00;0.00
10.295;0.02;0.00;0.97;0.00;0.00;-0.02;-0.00;0.00;0.00;0.00
10.339;0.02;0.00;0.97;0.00;0.00;-0.02;-0.00;0.00;0.00;0.00
